X,Y
51,0
48,2
66,5
68,0
73,4
11,5
90,3
27,1
45,0
91,5
72,0
93,4
89,0
17,2
61,3
74,2
42,4
91,5
46,5
97,3
81,3
46,3
28,1
86,0
79,4
15,1
28,1
81,2
78,2
81,1
51,5
68,2
87,3
102,3
89,3
55,3
32,2
24,4
28,4
19,2
42,5
34,1
73,2
14,4
60,1
33,2
39,1
81,0
27,4
43,4
83,1
59,1
28,2
35,2
2,2
6,2
37,1
58,3
10,3
41,2
20,2
81,1
12,0
50,0
61,3
34,1
2,2
71,3
43,2
66,3
44,0
16,1
46,5
85,0
91,0
9,1
15,1
104,2
61,1
21,1
42,1
93,0
78,2
70,0
9,5
71,2
48,1
11,1
77,1
54,3
82,4
18,1
24,1
101,4
64,3
28,3
84,5
17,5
86,1
51,3
52,5
72,2
44,1
36,4
64,4
99,0
76,3
99,1
1,1
58,0
36,5
40,3
55,3
97,4
4,0
103,3
50,4
80,0
30,2
77,2
0,1
16,5
48,2
65,2
27,2
67,0
10,1
106,2
63,3
39,3
96,3
67,2
89,1
49,4
102,2
29,0
84,0
59,4
32,2
21,1
50,1
60,4
68,4
41,2
16,5
86,4
46,2
17,4
10,4
57,1
86,3
37,2
59,2
1,3
39,1
24,0
54,3
47,1
64,2
62,3
80,5
34,2
27,1
6,4
3,5
97,1
104,1
19,2
40,1
81,3
24,4
99,0
80,3
26,2
72,1
59,4
67,0
68,1
21,0
102,5
9,4
75,1
13,2
95,2
79,4
79,2
58,3
20,2
30,4
31,4
25,4
32,1
82,1
65,5
63,3
83,4
39,5
37,2
70,5
91,3
35,2
15,0
76,1
62,1
29,0
87,2
43,3
25,3
41,2
57,3
88,4
20,0
41,3
98,4
10,5
96,4
49,3
88,5
29,3
71,3
85,2
3,1
81,3
38,3
88,2
64,4
72,4
92,4
45,0
41,4
18,0
93,3
17,3
57,1
38,2
33,2
9,3
27,1
90,1
89,3
23,2
60,3
56,0
49,2
22,2
61,2
33,3
71,3
38,2
48,2
9,3
73,1
41,4
29,4
7,5
50,3
94,2
56,5
11,3
34,4
9,3
15,4
29,3
48,3
78,3
47,4
62,2
86,2
101,2
52,4
35,0
43,3
89,2
33,4
10,2
45,3
4,3
84,1
35,3
70,0
58,4
89,2
63,1
8,3
68,5
2,3
89,3
36,1
97,1
49,1
40,1
54,0
30,0
73,1
39,4
30,5
35,4
39,4
27,3
22,0
97,1
91,1
7,2
77,4
16,4
45,3
68,1
94,1
93,2
42,2
43,3
77,2
31,1
39,1
19,4
70,0
78,4
20,3
96,4
50,1
87,2
55,3
44,1
101,1
50,0
30,3
78,4
93,1
104,4
99,3
76,5
35,1
83,0
59,2
4,5
94,4
65,1
17,4
42,3
103,1
24,2
72,4
70,5
53,4
8,1
65,1
98,1
101,4
96,2
33,2
26,2
79,3
72,3
90,0
14,4
60,1
81,5
61,4
68,1
75,0
101,2
39,0
31,0
35,2
48,2
20,2
90,2
30,3
24,4
83,2
77,4
28,4
108,5
85,4
12,1
76,5
63,1
21,1
5,4
3,2
11,4
81,4
88,0
57,3
20,3
7,4
44,3
94,1
45,3
28,2
77,3
58,5
55,1
100,1
52,3
102,3
27,1
42,3
56,4
32,4
59,4
63,4
48,3
57,2
19,0
54,5
91,1
74,4
74,2
56,2
52,5
98,4
62,3
85,1
34,3
36,1
66,5
55,1
78,3
46,2
19,1
75,5
40,1
47,0
12,2
19,2
13,2
85,5
29,2
79,3
92,0
9,3
99,1
12,0
88,1
78,4
86,4
92,4
73,0
64,0
16,3
63,5
29,5
32,5
12,3
56,2
96,1
36,3
62,4
25,2
23,3
101,1
66,3
25,3
30,2
31,2
40,1
53,2
59,2
95,4
14,3
14,1
62,4
5,1
85,3
37,5
81,0
22,2
5,2
50,1
71,1
20,0
43,1
74,1
82,5
55,4
19,3
97,3
91,5
43,1
72,3
32,5
24,3
70,4
13,5
66,1
93,0
43,5
92,5
83,3
22,1
75,0
99,2
105,2
45,4
5,4
21,3
61,3
2,2
4,0
46,3
31,5
66,1
38,3
102,3
71,1
7,1
6,5
101,2
46,1
65,3
41,1
29,2
73,3
31,4
100,4
55,5
75,3
56,4
76,3
34,0
13,0
100,5
78,4
90,0
9,2
76,4
91,2
94,2
76,1
90,0
75,4
87,2
99,3
7,2
12,4
100,5
35,3
76,1
90,5
11,1
30,2
93,0
13,3
46,4
52,0
3,3
58,1
43,1
97,3
75,4
103,3
95,1
104,3
89,0
33,1
83,5
38,3
75,3
98,1
48,1
67,3
60,5
57,3
49,4
13,2
60,1
99,4
92,3
25,4
37,5
71,1
24,1
51,3
60,4
81,4
41,4
68,3
13,4
86,2
30,4
96,3
101,2
37,2
76,2
96,0
55,4
27,0
26,3
79,1
84,3
104,2
99,4
60,4
51,5
88,3
70,2
61,5
47,0
2,3
13,1
81,3
22,1
80,1
102,1
15,3
53,3
36,2
23,5
45,3
44,1
54,3
49,1
91,2
9,2
93,2
70,4
48,3
72,2
101,3
84,1
94,4
35,0
93,4
57,1
48,1
96,3
35,1
17,2
103,1
83,1
74,1
77,4
17,3
97,2
31,0
59,1
66,2
69,2
76,5
89,5
35,1
80,1
6,4
64,5
44,3
49,2
84,4
93,5
72,2
22,1
14,3
28,4
9,1
72,5
92,3
95,1
76,1
77,3
61,0
77,3
29,2
37,4
84,3
35,1
13,1
26,0
27,4
46,4
94,2
18,4
33,4
37,4
3,2
7,4
75,1
12,2
91,4
78,1
62,3
79,2
66,3
81,2
72,4
49,3
11,1
48,0
60,4
49,5
74,5
17,4
59,1
97,3
96,4
9,0
85,2
84,0
72,2
62,2
13,2
17,1
72,4
67,1
100,1
29,1
11,0
69,1
43,3
42,5
65,4
57,3
55,0
31,1
36,3
19,4
105,2
82,1
9,2
58,1
53,1
38,4
83,2
29,4
13,1
46,4
33,2
34,2
88,0
30,1
46,2
59,4
71,3
84,0
77,2
25,4
7,4
11,4
12,4
55,4
83,4
40,4
48,0
86,2
55,5
58,4
74,3
96,4
57,4
32,2
7,5
79,3
87,2
73,2
24,1
83,4
46,1
33,4
26,1
88,0
58,4
53,4
71,5
11,3
2,2
96,0
95,1
77,5
10,0
16,1
103,2
42,3
42,0
37,3
39,2
29,0
102,4
89,0
57,2
94,3
85,2
23,1
101,2
33,3
80,4
22,5
25,0
24,5
48,4
35,4
30,2
27,4
71,0
50,5
83,2
50,1
54,2
1,3
17,0
67,1
13,2
94,2
106,4
59,1
76,4
25,3
40,4
59,4
20,1
47,4
2,5
71,1
104,5
16,0
22,4
34,4
23,5
14,4
13,1
38,4
4,3
12,4
12,1
10,0
38,5
76,3
89,3
52,5
59,4
8,4
85,5
38,5
17,2
81,4
5,3
58,3
70,2
47,1
79,1
66,1
85,4
48,0
81,2
22,2
23,4
98,4
15,3
95,1
95,1
87,1
13,3
54,3
47,3
29,3
34,3
14,2
21,0
64,2
43,4
61,5
100,1
104,0
83,4
40,1
67,3
14,5
12,2
95,2
64,1
36,1
92,0
25,2
27,2
5,1
36,0
87,0
8,3
98,1
79,0
28,3
91,4
21,4
13,1
55,2
80,4
35,2
6,3
88,2
81,1
75,4
4,4
66,4
75,2
22,4
75,5
92,1
64,2
66,1
60,1
49,0
23,3
61,2
16,1
68,1
84,4
79,2
36,2
8,1
22,2
79,2
62,2
25,5
96,1
10,1
22,4
101,4
36,3
87,5
33,0
47,2
20,1
94,2
86,2
37,1
92,4
38,5
59,1
83,3
38,4
72,0
66,3
43,1
76,2
61,0
15,1
28,1
14,1
104,1
83,3
75,2
8,2
35,1
12,1
87,1
46,4
30,3
32,2
22,2
7,3
28,3
81,4
71,2
91,3
67,2
97,1
47,5
40,0
63,5
85,2
51,3
40,5
59,4
94,1
31,4
98,4
96,3
44,5
91,1
19,5
103,5
47,4
33,3
69,4
25,2
78,5
1,0
89,0
46,3
70,1
27,1
90,2
89,1
11,3
97,4
80,1
50,1
18,1
81,1
47,5
72,3
24,3
31,5
20,1
14,5
42,4
16,0
32,3
57,2
78,0
54,5
99,4
84,2
89,2
27,2
9,0
10,3
10,2
8,0
40,2
46,2
72,2
68,2
36,4
8,2
7,2
44,5
38,5
91,4
58,4
85,2
86,1
12,2
13,1
53,4
28,1
95,5
9,1
89,1
7,5
81,0
15,1
14,5
84,4
32,4
71,4
50,2
99,2
23,2
29,4
42,2
66,3
24,4
97,0
90,1
64,3
68,2
102,4
11,2
107,2
104,3
21,4
13,5
106,1
33,0
99,1
95,4
51,2
6,4
89,1
92,1
45,3
54,2
17,1
24,4
91,3
8,2
91,4
52,1
34,3
3,5
6,1
73,4
21,1
82,1
39,0
54,2
14,5
55,4
51,2
31,4
56,3
13,3
73,5
81,0
58,4
97,2
71,2
87,1
60,5
95,3
16,1
78,3
89,3
90,0
6,4
46,4
11,5
31,2
81,1
15,1
82,4
14,2
25,2
68,1
67,0
60,1
6,1
23,1
62,4
28,2
72,4
93,5
92,0
80,1
14,4
87,3
11,4
101,1
51,1
82,1
64,3
20,2
5,3
88,5
93,0
34,4
67,4
87,5
84,2
67,2
85,2
20,3
32,4
18,5
94,4
37,1
3,2
22,3
4,3
16,2
40,1
42,5
53,1
40,4
80,3
86,2
92,1
41,4
27,5
74,3
36,4
24,4
67,5
39,2
88,0
89,3
18,5
54,0
18,2
52,0
18,1
89,1
78,3
22,0
94,5
68,5
81,2
73,2
7,2
53,4
104,4
89,4
85,1
60,2
26,0
23,3
18,1
29,3
77,2
32,2
91,3
63,1
64,2
92,0
85,5
19,1
21,3
82,3
83,5
22,5
78,3
55,3
48,2
100,0
46,4
22,4
96,2
77,3
83,1
32,2
95,1
82,3
12,1
28,5
71,1
56,3
51,4
96,4
59,4
89,0
45,2
90,1
66,4
47,5
26,5
26,4
41,5
70,2
14,3
24,1
80,2
81,0
35,3
45,5
40,0
23,1
40,4
37,3
47,3
45,2
102,3
48,5
30,0
53,2
12,4
68,2
22,1
7,1
101,0
94,2
35,3
34,4
76,2
75,5
93,0
68,4
11,4
59,3
80,2
93,2
64,3
25,2
40,0
22,2
103,0
33,3
20,1
19,3
11,3
25,1
12,3
73,0
29,2
67,5
71,2
83,1
106,1
8,4
68,4
94,1
13,1
36,0
88,2
46,0
36,2
54,4
85,4
63,5
88,0
100,0
10,2
58,3
35,4
34,2
97,2
36,5
59,1
88,5
97,1
25,1
72,2
60,5
11,1
18,1
35,1
91,2
83,1
93,1
41,3
3,4
88,4
100,4
83,2
41,0
48,3
68,5
56,2
69,1
82,2
57,3
4,1
37,4
87,4
87,0
38,4
96,3
35,2
50,2
0,0
50,5
66,5
18,5
52,1
104,3
53,1
12,4
76,2
45,3
107,2
41,4
36,5
19,5
40,3
53,1
43,3
17,5
33,4
51,1
62,4
81,4
75,1
38,2
30,0
5,0
42,2
56,3
28,1
59,0
27,2
39,2
80,4
31,1
34,2
67,5
63,1
32,1
19,2
71,5
103,4
17,4
5,4
7,3
68,0
19,4
78,5
39,3
41,0
92,1
80,2
49,2
29,2
18,1
68,1
10,4
38,1
12,1
40,1
32,0
60,4
71,3
100,5
65,2
77,0
91,1
51,0
87,1
41,2
80,0
60,0
76,1
12,2
21,4
22,2
30,2
62,1
67,5
49,4
86,2
8,2
33,2
19,4
41,1
22,2
24,4
25,5
21,4
105,2
63,4
67,3
29,1
3,1
85,4
46,4
38,2
50,3
75,1
46,5
46,5
32,0
7,5
56,4
22,5
43,5
37,1
35,3
10,0
97,4
95,2
17,5
16,2
24,4
85,4
61,3
23,2
72,3
67,3
25,4
33,1
41,0
18,2
58,3
92,2
88,0
53,2
98,1
99,5
84,1
23,3
17,4
45,2
91,3
58,1
104,4
28,4
50,4
100,2
88,2
95,5
36,4
78,1
52,1
87,1
103,3
7,3
104,0
99,2
35,4
70,3
71,2
94,3
79,2
35,3
100,3
54,5
101,5
91,3
70,2
74,4
105,4
76,4
1,4
9,1
78,1
27,4
84,1
50,4
29,3
101,3
43,1
25,3
98,1
48,5
88,5
45,3
71,3
15,4
90,5
49,4
71,2
21,3
99,1
100,2
6,0
85,0
27,4
9,4
78,4
78,4
33,2
96,2
65,2
86,5
85,4
21,3
30,1
75,4
36,4
2,1
36,1
24,3
16,0
76,0
35,4
37,1
100,3
51,4
50,3
84,3
65,4
71,2
95,4
61,0
6,4
54,4
63,1
86,2
17,1
48,1
105,3
63,1
22,4
97,2
18,3
11,1
79,4
70,5
44,0
17,4
65,3
24,1
69,5
62,3
34,2
18,5
63,3
53,3
87,3
29,4
73,1
28,1
77,4
9,2
86,1
58,2
59,2
91,4
60,0
18,4
46,1
61,3
30,2
65,3
19,1
48,5
58,3
69,2
9,2
76,2
24,1
54,1
34,3
90,2
82,2
43,1
29,4
51,4
92,1
61,5
11,3
71,1
34,0
89,4
5,2
91,2
22,2
76,3
61,2
36,2
81,3
79,0
74,0
35,0
101,3
75,5
50,3
108,2
38,3
23,3
69,1
96,3
35,0
62,1
34,0
50,3
98,3
54,1
52,1
75,0
44,3
5,3
24,2
20,2
71,3
94,3
101,2
29,1
89,4
10,3
56,0
52,1
29,1
12,1
91,1
33,5
62,2
85,0
85,4
18,3
105,1
99,2
43,1
23,4
3,3
21,1
79,2
58,3
55,5
37,3
101,3
27,3
19,3
91,1
102,1
79,2
103,3
53,2
80,1
74,5
97,4
16,5
54,2
93,5
42,1
56,5
28,4
52,5
84,3
9,3
60,3
54,5
46,0
18,2
12,2
34,0
86,1
21,3
12,2
94,2
15,3
32,1
79,2
48,4
25,3
77,2
101,4
96,3
29,4
43,2
87,3
62,1
9,1
28,2
7,1
98,1
56,2
75,2
83,3
86,3
62,3
52,1
91,4
79,4
15,2
63,3
40,3
89,1
38,3
32,5
65,5
91,2
47,3
97,2
34,4
36,3
61,4
49,3
11,2
91,1
19,3
0,0
48,5
45,4
103,1
67,1
55,1
93,5
54,4
50,1
31,3
98,5
69,4
89,2
66,3
34,2
57,5
75,3
42,2
30,4
82,0
94,3
84,2
36,2
85,3
4,4
17,3
81,3
15,4
71,5
74,5
67,0
57,2
42,0
93,2
22,2
71,5
84,1
62,3
74,2
42,3
83,2
17,4
62,3
13,1
96,4
31,1
10,3
17,5
70,3
95,3
41,3
83,3
100,3
102,1
12,5
36,4
92,4
54,0
76,3
48,3
61,2
7,2
75,2
94,2
12,1
106,1
64,1
79,1
18,4
13,4
24,4
57,2
73,2
73,2
72,2
9,1
40,4
81,1
80,4
43,2
95,5
22,4
97,3
90,5
20,2
71,2
34,3
14,1
18,1
102,4
31,3
86,3
75,4
8,0
105,2
48,1
64,2
17,4
81,3
28,3
101,2
45,1
94,2
20,2
81,2
62,1
8,0
27,5
46,0
58,0
76,3
60,4
43,3
26,1
83,2
28,3
100,4
23,1
67,2
92,1
33,2
38,4
50,2
46,3
95,4
14,0
65,3
70,3
20,2
41,3
65,2
66,3
44,3
25,2
82,1
76,2
54,3
14,4
31,2
26,5
70,0
15,3
9,4
59,2
99,3
21,3
72,4
54,1
103,3
37,2
82,4
24,5
61,2
61,2
14,4
49,4
16,4
48,1
42,3
101,3
28,3
55,3
73,1
47,1
91,0
79,2
98,0
60,1
81,1
51,1
34,2
99,3
18,0
18,2
41,3
50,3
82,5
83,1
101,1
83,2
56,5
83,3
13,2
93,3
39,1
77,5
80,3
45,2
18,0
9,4
79,3
51,4
51,4
49,2
93,0
11,2
23,4
68,3
64,4
21,4
45,4
7,3
10,4
27,2
84,2
24,3
74,3
33,4
16,2
31,2
65,2
99,4
6,2
13,0
80,0
89,2
46,5
55,2
97,3
89,5
68,2
21,4
6,1
37,0
75,2
42,5
11,3
22,2
51,1
68,3
98,1
63,1
79,5
56,3
86,2
31,0
92,3
29,4
58,2
78,2
91,1
51,4
91,3
58,2
68,2
50,2
30,3
43,4
40,0
30,4
20,3
79,0
104,4
62,5
4,4
52,1
46,5
93,1
17,4
75,5
82,4
88,1
45,3
95,2
86,4
8,3
90,4
66,2
21,5
99,1
46,3
62,2
56,1
26,2
36,0
40,1
104,4
51,4
71,1
67,5
43,3
90,4
49,1
89,5
74,1
14,2
57,1
9,4
35,3
81,1
64,0
10,3
86,5
70,3
18,4
45,3
30,4
67,2
80,1
16,5
9,3
46,4
73,5
88,3
98,1
82,2
5,2
102,3
82,1
89,4
53,5
67,3
83,3
35,1
44,4
58,2
30,4
44,5
46,1
73,2
35,3
51,4
85,4
66,4
82,1
77,0
11,1
92,4
102,3
79,0
96,3
43,0
32,2
24,3
91,4
65,2
27,2
105,3
62,3
43,1
107,2
42,5
31,5
61,2
30,2
79,1
44,2
62,2
55,2
15,0
38,3
74,4
97,5
48,4
6,1
85,4
10,4
96,3
67,2
34,4
33,3
22,5
73,2
30,3
11,3
15,0
83,4
62,4
47,3
73,3
28,1
98,1
97,1
19,3
20,4
80,2
100,2
67,3
52,1
27,5
89,4
23,2
27,0
37,2
35,5
73,2
23,1
21,4
60,5
70,5
51,5
41,4
27,3
87,2
17,4
55,4
93,1
11,3
13,4
102,2
89,3
84,1
17,1
71,1
32,0
17,3
38,3
73,1
61,2
98,1
47,4
92,5
79,4
27,2
61,1
83,0
27,4
52,5
11,4
85,3
89,2
41,4
33,0
65,4
95,1
10,0
61,3
46,5
91,3
102,3
20,1
53,4
44,3
41,0
100,5
73,4
78,3
88,2
77,4
31,4
8,3
99,5
62,4
94,2
66,5
61,3
75,2
35,1
30,1
28,3
10,0
88,3
24,5
14,4
93,5
29,2
29,2
30,5
95,4
64,0
11,1
56,4
38,0
7,2
85,4
83,2
20,1
10,4
58,1
6,2
23,3
81,4
9,4
81,1
89,3
39,0
98,4
8,0
8,3
98,4
48,3
48,2
63,4
3,2
18,4
35,4
92,4
36,4
65,1
22,3
67,3
96,4
19,1
47,4
85,0
8,4
15,3
88,3
19,4
60,2
31,1
79,1
52,3
73,0
20,4
9,0
43,1
56,4
56,4
53,3
4,3
17,3
14,3
53,1
76,1
14,3
72,1
18,3
10,1
77,1
95,5
38,0
29,4
18,1
64,1
16,1
56,4
72,0
89,0
5,3
15,1
64,2
53,4
16,1
65,0
5,3
65,4
45,4
89,4
33,0
57,1
68,3
59,2
78,5
83,2
54,2
92,4
86,3
100,2
20,2
14,1
34,5
60,2
76,2
60,1
38,2
37,2
52,0
69,3
52,3
37,5
34,3
35,3
34,5
77,2
78,3
99,5
79,4
47,3
19,0
79,2
95,0
32,4
50,1
49,2
74,3
31,3
23,3
83,2
41,0
84,5
76,5
63,5
12,4
49,3
37,3
71,1
62,1
100,5
86,4
97,1
27,1
74,1
51,1
97,3
100,0
23,0
80,2
60,1
37,1
77,4
95,2
50,2
54,3
74,3
73,4
72,4
68,1
78,3
42,2
12,0
105,3
59,4
97,1
49,1
46,2
57,0
11,1
66,2
70,2
64,1
18,3
62,3
71,5
15,2
37,2
10,3
25,4
15,3
61,3
74,1
33,5
14,3
18,3
81,2
54,0
32,4
32,4
96,3
11,4
74,2
69,0
79,1
90,2
76,3
48,5
64,3
42,1
20,4
37,1
62,3
78,4
67,5
58,1
84,0
23,3
5,4
9,5
92,4
79,4
95,4
21,5
78,3
16,4
76,4
19,2
11,4
34,2
67,4
31,2
49,5
22,0
46,3
54,1
60,1
64,0
17,2
86,2
98,4
89,1
97,1
81,2
7,1
26,0
18,5
73,1
52,3
53,3
100,1
94,1
78,1
66,4
32,2
8,5
14,1
56,0
30,3
77,5
38,2
102,5
55,1
25,4
96,2
63,4
63,2
55,4
101,3
25,0
59,3
12,3
1,1
23,3
72,1
51,2
38,1
69,4
31,3
43,1
64,3
14,1
65,4
80,4
91,1
68,3
40,2
74,5
91,2
81,2
19,4
32,1
34,3
84,2
96,5
48,2
59,1
74,3
46,4
77,3
39,1
82,1
18,2
36,4
16,1
77,5
56,4
41,3
86,3
82,1
54,3
39,3
59,2
89,4
31,0
17,1
13,4
26,4
96,1
25,4
97,2
66,2
99,1
60,1
64,2
21,2
13,4
5,1
29,3
15,3
73,5
62,2
16,4
34,5
13,5
5,3
9,3
33,2
72,0
64,1
41,1
45,4
87,4
79,3
47,4
45,1
105,2
36,4
69,5
100,4
21,1
17,4
50,2
73,3
8,2
96,5
19,0
98,1
7,1
19,0
13,2
45,5
61,2
36,1
60,0
22,0
24,5
43,3
60,1
35,2
77,0
11,1
90,1
80,1
21,2
102,3
55,0
37,4
4,5
75,1
7,4
98,3
62,2
13,3
38,5
97,1
13,5
26,0
48,2
77,3
46,1
51,4
16,0
38,4
18,3
38,3
10,4
48,5
3,3
51,1
46,3
81,2
47,1
70,2
18,3
24,3
11,2
8,4
25,4
49,3
76,3
43,4
20,2
96,1
84,5
38,1
50,2
51,4
22,0
97,1
57,3
78,1
38,1
91,0
74,2
20,0
34,2
27,5
47,0
47,2
69,2
101,5
45,1
59,0
103,3
66,4
83,3
18,4
88,1
15,3
68,0
48,4
91,5
37,0
76,4
54,0
34,2
97,4
27,2
14,1
9,3
26,2
30,3
21,0
72,3
97,3
65,2
63,5
42,0
53,5
24,0
69,4
56,2
30,0
21,3
52,3
76,2
51,2
75,2
13,1
76,2
92,1
20,0
101,4
103,4
45,4
49,0
68,0
14,1
73,1
3,0
71,0
74,5
27,3
46,2
0,2
94,1
41,1
31,1
28,0
84,4
39,4
70,4
36,4
27,4
73,1
81,4
53,3
90,1
30,1
65,2
48,2
65,3
48,0
47,2
19,1
17,2
30,3
96,4
35,0
73,3
43,1
42,1
11,2
62,0
93,3
4,3
75,4
12,3
33,2
80,3
86,1
31,1
87,3
40,3
59,0
26,1
88,4
16,4
60,1
78,1
104,2
27,1
29,5
57,0
80,3
28,0
9,4
87,4
54,0
29,0
28,1
100,5
47,2
9,2
19,2
80,2
20,1
40,1
101,4
72,5
23,1
3,0
28,0
16,4
87,4
53,2
88,2
55,1
65,1
35,1
16,4
96,1
53,2
14,2
52,0
54,2
98,4
9,5
19,3
64,2
22,4
79,3
59,0
76,3
17,4
21,3
37,4
86,3
77,1
15,4
46,5
61,2
85,4
38,0
80,1
25,2
63,2
81,3
16,3
61,3
35,1
89,3
15,3
24,4
30,1
26,4
31,5
86,4
98,1
95,0
81,4
98,1
95,5
105,2
36,2
47,3
14,4
58,2
46,3
84,5
59,4
19,4
70,4
27,2
16,0
61,3
82,3
61,3
75,4
58,4
67,2
84,2
20,2
74,5
19,1
22,4
51,1
51,2
106,5
79,5
92,3
72,2
83,2
53,3
62,1
58,4
45,0
68,5
83,4
11,2
47,2
45,1
9,3
5,3
14,4
43,4
95,2
3,4
41,1
83,5
85,1
103,1
54,5
16,5
87,1
47,2
102,2
95,1
45,2
102,0
99,5
89,1
87,0
10,1
75,1
49,0
7,2
80,1
99,2
53,5
83,3
20,4
27,2
22,4
73,1
29,2
44,4
16,1
13,5
56,4
73,0
96,4
15,5
48,2
12,2
40,0
17,3
19,0
90,4
4,4
37,2
106,5
19,1
10,2
91,3
9,5
77,4
97,1
36,0
72,3
43,3
42,3
20,1
21,1
42,3
76,0
44,1
51,5
72,0
32,4
65,0
15,1
36,3
50,5
52,1
93,2
54,3
25,0
77,2
46,4
82,5
14,4
89,1
71,5
71,4
104,4
97,5
92,2
39,1
47,4
88,4
35,2
19,2
15,3
56,5
8,1
27,4
33,4
24,2
48,4
19,4
50,4
70,4
71,2
94,4
82,4
86,3
42,1
16,3
53,3
21,4
94,3
23,3
56,0
83,5
47,3
38,2
70,4
10,2
78,2
81,1
46,2
18,5
7,1
74,2
28,1
105,2
57,3
73,1
16,3
76,3
24,3
79,2
29,5
39,1
86,1
47,4
85,4
76,2
40,2
43,5
82,5
42,2
42,3
31,1
97,2
39,3
100,1
67,3
98,3
33,1
56,2
67,5
38,1
49,5
12,4
69,1
43,3
48,1
14,1
84,3
84,3
79,1
92,3
47,4
60,3
22,5
19,0
17,2
41,4
38,3
37,2
63,3
74,1
45,5
8,3
25,2
16,1
10,2
91,2
57,2
85,1
84,1
19,3
9,2
11,1
31,3
39,4
44,3
42,1
30,3
101,0
85,4
62,4
50,3
82,3
66,3
31,0
76,1
88,5
20,1
75,3
17,3
88,2
67,1
12,3
91,4
23,4
47,1
68,2
102,1
29,5
90,3
49,3
18,0
81,4
72,4
92,0
42,4
21,5
86,4
74,4
81,2
74,4
91,1
33,3
87,0
35,4
53,2
38,0
37,3
46,3
98,4
46,4
88,2
61,2
38,1
103,1
66,5
98,0
27,1
102,3
51,4
100,2
95,3
62,2
69,1
85,2
34,5
93,4
55,0
9,5
76,1
15,1
41,1
11,1
47,3
29,4
17,0
45,2
9,1
79,1
96,2
84,4
6,5
6,4
104,4
19,2
29,4
12,4
78,4
61,4
32,3
18,2
20,3
82,2
83,2
18,1
13,4
96,2
83,2
68,1
34,4
83,5
91,2
59,0
53,1
35,2
29,4
88,2
76,3
28,1
12,2
42,4
78,0
66,0
50,1
80,2
62,0
29,1
19,0
100,3
8,1
24,5
32,4
102,1
25,0
20,4
85,3
47,3
15,4
76,0
80,1
24,4
48,3
39,3
76,2
95,5
91,2
20,3
102,2
26,5
33,3
33,3
86,3
96,4
13,3
75,1
37,3
75,2
59,0
82,0
102,1
65,3
97,2
97,5
12,2
31,0
97,1
53,2
73,5
68,2
28,5
33,4
48,3
98,3
49,3
33,1
12,2
61,3
4,2
19,5
59,5
102,4
77,4
26,3
24,1
94,3
23,4
74,2
97,2
4,5
20,2
73,0
38,4
103,3
46,4
69,2
94,3
6,3
80,2
28,5
18,2
22,1
3,0
53,1
67,3
49,2
34,3
28,2
62,4
5,1
36,0
91,1
13,2
53,1
100,1
3,1
37,1
33,2
71,4
58,2
25,5
32,5
5,2
98,2
5,0
5,5
99,1
36,1
47,0
24,2
11,0
91,2
92,4
55,4
12,2
89,3
24,1
49,2
101,2
35,2
95,0
8,3
42,2
12,3
11,2
28,1
84,5
75,3
46,1
59,1
13,2
48,1
6,2
79,5
8,3
53,4
34,1
96,4
31,4
64,3
74,5
36,2
25,0
33,1
11,2
46,3
18,2
69,1
80,4
6,3
22,1
98,1
7,4
78,5
13,4
24,5
64,3
11,2
87,2
48,4
53,3
66,4
87,1
82,4
65,0
48,1
35,4
77,4
94,0
83,5
97,4
26,3
62,3
64,3
69,1
78,1
12,1
73,1
50,5
11,2
35,5
58,1
108,4
19,3
80,5
21,4
69,2
88,0
52,3
83,2
45,0
56,1
38,0
96,3
27,2
43,5
75,5
71,1
66,1
14,3
75,3
6,4
16,3
52,1
82,4
91,0
23,1
6,4
15,0
48,4
47,3
65,1
11,3
47,1
77,3
49,2
56,3
10,1
49,4
82,2
94,5
67,3
104,2
89,3
62,4
40,2
85,2
37,3
68,3
104,3
94,1
74,2
5,5
26,5
25,3
18,5
50,4
15,0
55,1
74,1
89,1
86,5
7,4
46,4
59,4
87,0
40,3
52,4
85,3
99,2
64,3
9,2
6,4
14,4
85,2
39,2
74,3
48,3
41,0
96,4
72,0
59,1
46,3
74,2
59,3
62,2
70,2
65,2
92,1
103,1
48,3
79,3
56,2
13,5
106,2
51,4
77,1
44,4
29,4
93,4
20,2
6,2
21,5
44,1
46,2
19,2
34,2
55,0
81,3
25,1
78,3
76,5
50,5
45,5
49,5
35,2
37,1
76,5
73,3
92,3
46,5
35,2
89,1
40,3
37,4
98,3
53,2
7,2
37,3
63,1
45,3
58,3
71,5
85,1
26,4
31,1
8,4
41,1
37,3
73,2
32,4
91,4
16,1
47,3
11,4
19,4
53,4
90,1
10,2
32,4
65,3
51,2
4,2
100,3
69,1
49,4
77,4
20,4
87,3
65,2
44,3
24,2
90,2
10,0
60,1
46,2
36,1
76,1
57,4
101,1
56,3
13,2
68,3
8,1
70,2
12,1
57,2
59,3
50,1
61,4
29,4
8,1
72,4
65,0
93,2
75,5
39,1
76,2
7,5
47,2
32,3
89,0
33,0
51,1
21,4
59,4
48,1
37,1
55,0
82,0
51,2
82,4
7,3
58,5
64,4
65,2
21,5
89,3
75,2
27,2
62,1
65,3
55,1
50,0
28,0
5,3
50,3
45,3
5,4
70,3
8,1
33,3
17,0
28,4
75,3
13,3
9,4
24,1
83,2
68,4
14,3
29,0
7,4
50,5
7,4
22,3
61,3
8,5
39,0
41,4
6,3
102,0
62,3
29,1
83,3
71,1
66,2
52,2
54,4
52,3
32,3
73,4
73,4
54,0
16,2
35,3
48,1
69,4
57,1
26,4
17,3
66,0
102,3
88,3
56,2
9,5
43,2
87,0
72,1
24,5
45,0
10,1
18,0
100,1
60,0
18,3
24,2
89,1
15,2
18,2
6,3
93,2
58,5
84,1
55,2
98,4
75,3
46,3
98,2
94,0
10,5
66,3
75,1
23,3
29,0
59,1
24,2
68,5
65,1
70,2
45,2
87,5
26,3
89,3
80,1
34,5
91,0
60,1
69,0
81,2
40,3
44,4
15,1
18,0
39,3
15,3
56,2
17,4
36,5
29,2
82,4
40,0
98,2
43,1
37,5
7,3
83,3
83,5
18,1
66,1
41,1
30,5
20,4
50,2
13,1
7,4
26,4
69,2
23,2
16,4
54,4
95,3
83,3
40,2
6,2
12,4
90,3
85,2
77,4
16,4
95,4
40,2
83,5
54,3
47,5
71,3
61,1
9,2
74,1
70,1
29,3
58,4
62,4
35,3
8,0
79,5
27,1
69,3
79,3
13,1
67,5
10,3
44,3
89,0
54,0
44,1
67,3
9,4
37,4
5,2
80,1
7,1
29,1
89,3
49,5
66,1
70,0
71,3
43,2
37,1
98,2
52,2
60,3
57,1
31,1
36,0
27,1
96,1
97,4
34,3
62,0
56,2
37,2
45,2
96,3
83,1
8,0
69,2
92,1
35,0
10,4
96,3
100,4
17,4
39,4
9,2
56,3
27,4
10,3
83,3
96,2
40,3
40,0
97,0
93,5
95,5
38,1
25,4
20,0
42,4
53,1
63,2
72,0
75,1
59,2
82,4
49,4
26,1
49,4
89,1
96,2
57,4
77,3
97,3
14,1
32,5
29,1
97,0
2,4
96,3
47,3
55,3
79,1
36,2
101,4
49,4
99,4
19,3
21,2
54,4
48,4
43,2
51,1
62,1
28,1
71,3
63,1
36,3
95,2
92,3
86,4
42,1
92,1
55,2
14,2
40,0
66,1
84,2
26,1
50,1
97,4
33,3
61,1
59,3
21,1
62,1
25,3
95,3
61,2
34,0
64,3
58,0
42,4
94,4
95,1
51,3
41,3
68,1
67,4
61,4
25,1
60,2
35,4
47,3
15,2
22,4
36,4
24,2
106,4
4,4
73,0
47,4
41,2
71,4
40,0
98,1
73,4
38,4
9,2
67,2
61,4
29,3
21,2
57,5
97,0
75,3
101,0
48,2
33,3
37,2
103,1
60,2
37,1
23,4
11,1
105,4
44,3
94,5
7,1
93,0
12,2
72,1
62,1
7,0
70,2
15,3
55,1
19,3
52,2
46,2
19,5
13,0
89,3
61,5
56,1
76,5
48,0
97,3
3,0
65,1
2,3
72,0
3,1
25,1
47,1
8,3
21,4
14,2
86,4
98,1
86,3
60,2
15,1
84,2
63,3
92,1
7,1
62,5
10,0
8,2
79,0
45,2
13,1
24,2
77,2
23,4
66,1
70,3
78,5
69,1
46,1
62,1
81,3
98,4
94,1
30,1
79,1
64,4
36,1
32,0
52,1
14,4
54,3
36,3
47,3
52,1
62,2
51,1
46,5
20,4
49,1
98,4
25,1
25,4
99,3
35,4
31,1
4,3
94,0
10,3
12,1
9,4
57,4
17,2
74,0
34,2
51,2
79,1
29,5
63,4
98,2
79,2
28,0
94,4
27,2
10,3
62,4
8,3
4,1
17,1
75,4
32,4
23,3
86,3
86,3
89,2
42,4
99,3
85,2
84,2
83,0
26,0
72,3
19,2
78,0
102,0
14,0
74,5
34,4
29,4
21,3
84,5
71,2
83,1
37,3
67,4
18,4
79,1
11,1
49,2
17,3
36,1
39,1
48,3
49,4
10,2
76,2
6,4
19,3
28,2
103,4
47,3
23,2
85,2
9,3
61,5
82,4
99,1
69,1
15,4
57,3
70,4
10,3
28,5
74,2
31,2
60,1
63,3
94,1
78,1
33,0
9,4
82,1
1,3
23,2
39,0
40,4
78,2
39,2
54,1
58,4
80,1
10,5
36,0
90,4
32,1
47,1
16,0
72,2
92,0
11,2
58,0
72,5
98,0
54,4
48,3
92,3
36,1
74,5
34,4
96,5
17,3
28,1
13,2
47,4
30,3
24,4
81,1
43,0
5,2
96,2
91,4
30,3
44,2
80,1
71,3
76,1
77,1
86,4
91,2
38,3
49,2
61,2
44,5
41,2
80,3
19,4
43,3
7,1
40,2
41,3
5,5
47,2
63,1
107,3
5,1
9,4
18,4
9,3
65,1
15,4
97,2
43,0
50,4
9,3
58,1
56,1
87,2
77,5
67,3
67,5
99,2
14,5
65,2
33,1
86,2
88,3
28,4
37,3
39,1
10,5
25,4
40,1
64,4
75,1
30,3
96,4
7,4
55,3
27,4
75,0
45,3
0,0
59,1
81,3
80,0
58,2
32,0
16,3
74,3
39,3
14,2
88,1
35,4
46,4
46,0
79,5
29,4
63,0
58,5
50,1
40,4
95,1
58,5
26,4
76,1
66,4
25,4
70,4
70,2
80,3
99,4
84,1
6,4
76,3
47,1
42,4
57,2
5,4
12,1
75,5
53,2
55,2
89,3
53,2
78,4
53,1
39,0
45,1
9,5
81,3
46,2
97,2
68,1
53,2
78,1
49,1
41,3
2,2
52,5
41,3
45,5
50,0
82,3
48,4
54,2
82,2
91,1
42,0
89,3
50,3
100,2
64,1
66,2
49,0
8,3
26,5
33,3
48,0
85,4
103,1
85,4
15,5
87,2
99,3
58,1
66,5
30,1
86,2
11,4
82,5
48,1
38,2
53,3
61,1
84,2
72,4
61,2
89,4
69,5
52,4
9,4
59,1
87,2
90,1
75,2
24,4
43,3
73,4
98,3
89,5
24,3
18,1
50,2
74,4
97,1
31,1
28,0
85,2
70,4
98,1
9,1
39,3
48,3
44,3
56,4
96,3
86,2
61,2
81,0
58,1
49,2
102,4
12,4
56,3
57,2
24,3
24,2
53,1
92,4
74,4
25,4
60,0
28,5
47,4
90,2
66,1
21,1
99,2
29,1
96,2
92,2
66,1
6,1
19,2
21,2
45,3
77,2
17,1
71,5
93,3
48,0
98,3
89,4
17,5
72,5
45,1
13,3
44,1
24,3
58,1
44,4
41,3
31,2
85,1
45,3
8,4
81,2
39,1
36,3
4,4
40,1
45,3
89,2
1,2
98,1
57,1
58,1
47,2
84,4
41,4
56,2
89,1
50,2
96,2
71,3
45,3
43,3
18,4
88,1
29,3
32,4
60,4
91,1
65,1
97,1
77,5
36,0
81,2
8,3
70,3
49,4
93,1
53,3
92,1
22,0
23,4
1,1
55,1
54,3
51,3
18,2
37,3
45,2
42,3
15,2
33,4
31,2
56,4
58,3
21,3
10,0
46,4
71,2
101,3
65,0
22,3
97,3
7,1
8,3
75,0
73,0
45,3
88,5
79,1
48,2
33,0
91,3
53,1
22,0
47,3
11,5
86,5
51,2
40,0
33,2
32,0
23,4
27,0
41,3
103,5
91,5
90,5
104,0
97,1
51,2
89,5
27,4
106,0
35,4
56,0
26,1
82,4
8,0
17,0
65,3
80,0
59,1
66,1
45,3
41,4
95,3
73,3
37,4
89,4
45,0
53,4
70,0
3,2
40,1
95,4
76,3
43,0
90,4
32,3
3,4
41,0
73,2
51,4
41,1
97,4
89,1
42,5
72,1
58,2
72,1
101,4
7,3
25,2
87,1
93,2
92,3
76,2
31,2
86,4
97,2
65,1
73,5
106,3
40,0
77,2
57,3
72,4
16,2
25,4
74,3
77,2
72,5
65,3
73,0
29,2
58,2
49,1
14,4
39,2
9,4
67,2
51,3
20,2
18,4
61,4
75,5
19,2
17,0
90,2
42,3
8,4
24,5
32,2
31,4
94,3
98,4
24,2
100,4
59,5
32,2
70,1
63,4
107,2
93,2
49,3
15,5
7,4
56,1
86,2
61,4
61,2
87,2
68,5
85,2
90,3
93,4
100,1
70,3
84,1
85,1
11,2
90,1
45,4
87,0
33,4
37,3
85,3
9,5
12,1
39,4
66,3
68,3
33,0
65,3
104,1
52,2
27,0
82,2
74,5
32,4
72,1
15,3
81,4
9,1
26,2
44,3
47,3
38,2
72,1
101,1
92,5
65,0
53,4
31,1
104,5
91,4
73,5
85,1
98,3
44,0
36,5
53,0
55,2
58,1
15,3
25,1
87,1
34,4
48,4
96,1
2,4
58,5
86,2
106,2
12,0
28,3
57,4
91,4
67,1
100,2
66,1
67,3
84,4
79,5
47,5
72,4
59,2
48,5
22,4
40,4
93,5
88,3
103,0
65,3
3,3
94,4
47,4
12,2
67,2
36,2
67,2
50,1
60,4
86,0
70,0
12,3
62,0
87,3
31,2
86,1
84,4
77,1
66,4
45,2
33,4
61,3
39,3
85,2
29,1
67,1
69,4
74,3
93,1
79,3
25,1
75,2
65,4
54,1
17,5
83,1
51,4
94,0
67,5
97,4
17,5
56,3
95,1
59,3
57,4
57,2
54,4
27,1
42,3
55,3
63,4
92,5
47,3
72,3
38,1
8,4
89,2
41,2
97,2
34,1
96,5
46,4
28,2
66,1
61,4
31,3
59,3
28,2
62,1
103,0
51,4
41,3
26,1
77,1
78,0
86,3
93,5
10,0
56,3
38,3
48,2
44,1
20,3
38,2
18,2
81,4
48,4
6,1
100,4
96,2
59,1
71,3
25,5
8,3
21,2
95,2
85,4
65,2
37,1
16,5
52,1
83,1
44,3
25,5
46,2
54,1
93,5
69,2
14,4
29,2
20,1
72,2
10,4
44,2
14,2
74,0
28,4
40,2
92,2
66,3
42,5
91,1
75,1
5,5
22,2
92,5
70,4
66,2
25,1
50,0
87,1
26,2
49,2
65,4
90,5
50,1
45,3
77,3
70,1
28,1
37,3
84,5
77,2
16,4
41,1
13,0
34,2
20,4
87,1
64,4
31,1
57,1
18,3
42,2
50,3
33,4
42,4
66,4
11,2
74,3
91,0
36,1
38,2
93,3
30,0
40,1
74,1
25,3
51,2
41,1
25,5
19,1
9,1
68,4
38,1
46,2
36,2
1,5
31,3
53,3
43,2
62,2
12,1
21,4
27,5
27,4
64,2
101,4
23,4
82,5
47,1
42,2
8,5
65,3
75,2
61,2
20,2
91,4
67,5
68,4
16,1
53,1
100,4
92,2
0,3
71,2
19,2
32,3
95,1
51,2
71,2
31,3
55,3
57,3
31,4
84,0
23,1
18,2
70,0
43,5
2,1
65,2
61,2
1,4
57,2
23,2
8,1
49,2
80,2
51,3
8,4
20,0
20,3
63,2
16,1
72,3
63,4
10,2
33,4
61,1
74,4
93,1
32,1
23,5
32,5
53,3
9,0
12,4
97,1
72,3
94,2
102,5
75,2
79,5
68,0
81,1
83,0
84,5
12,3
42,1
57,3
6,5
39,1
34,1
11,0
53,0
77,5
93,1
88,0
29,4
69,4
83,3
65,3
45,1
33,3
38,5
91,1
84,2
84,4
69,4
43,4
8,3
41,3
65,1
12,2
71,2
50,2
4,3
8,0
81,3
21,2
51,2
77,4
71,2
42,0
43,2
23,4
53,3
25,1
66,0
15,0
87,4
55,3
63,3
46,5
2,0
46,4
39,4
16,3
53,5
15,0
8,0
79,4
39,3
49,4
65,1
75,2
82,2
40,3
80,2
100,1
37,2
36,2
54,3
8,5
24,3
51,2
28,5
22,5
85,3
18,1
41,0
8,5
60,2
76,4
97,3
96,2
49,4
95,0
21,3
86,4
77,0
36,2
7,3
48,1
78,4
31,4
72,3
50,5
86,1
100,5
78,3
22,2
60,1
13,5
105,2
103,2
13,4
37,4
63,1
66,1
35,4
96,2
3,3
30,3
86,0
91,4
71,1
71,0
46,2
28,0
65,2
14,1
96,4
32,2
74,3
103,3
66,4
100,4
38,3
99,2
105,5
28,2
96,5
19,4
69,1
11,4
93,2
23,3
64,5
15,1
64,2
91,4
26,5
32,2
89,3
82,3
24,1
69,1
14,1
86,2
60,4
50,4
71,4
42,2
76,1
64,5
95,4
27,2
86,2
55,3
24,0
6,4
85,2
79,2
9,3
65,2
72,3
60,2
42,3
102,1
13,2
95,1
59,1
45,5
79,2
66,2
91,1
51,3
52,3
16,3
13,2
63,3
9,4
79,2
57,3
23,3
32,4
29,1
95,3
94,2
11,1
72,5
58,5
84,3
61,1
62,4
99,2
99,3
37,5
50,2
91,0
6,2
21,3
59,4
102,5
19,0
21,0
38,3
77,4
61,3
62,2
72,3
66,4
99,2
66,4
58,5
19,2
8,4
4,3
13,2
97,1
51,3
45,1
88,2
48,3
46,1
21,4
98,0
92,2
64,1
67,1
56,1
39,3
13,4
97,2
40,0
94,4
16,4
14,0
25,4
68,1
103,5
82,4
45,4
58,3
69,4
28,4
17,1
24,4
47,5
79,2
13,2
99,5
101,2
63,1
56,3
11,0
84,4
36,1
12,0
38,2
59,3
52,4
29,1
54,4
39,2
67,2
55,1
95,0
7,0
57,3
42,1
65,0
11,5
28,2
41,1
52,1
32,1
21,0
9,4
36,3
30,3
17,1
95,5
31,5
14,3
75,1
42,1
61,0
81,2
92,4
65,0
26,3
61,4
61,3
107,3
51,1
42,4
21,3
104,1
71,2
17,1
79,1
55,3
29,4
21,1
62,4
50,0
37,1
38,5
67,3
67,4
4,4
23,2
46,4
59,3
13,2
56,0
19,5
69,2
41,4
94,2
56,0
85,5
94,1
105,3
66,3
90,3
92,1
41,5
17,4
35,3
7,0
26,0
48,4
92,1
19,2
39,4
99,2
69,3
4,5
27,0
48,1
86,3
8,4
101,5
20,3
90,4
34,2
47,2
80,2
2,3
83,0
63,2
16,1
10,0
82,2
93,3
15,1
42,4
100,2
93,1
63,5
63,1
54,5
26,2
39,2
44,3
81,2
50,4
18,2
4,4
89,2
79,2
56,2
101,3
17,2
60,5
18,1
55,4
79,1
61,4
107,4
23,0
77,1
32,0
98,2
102,4
72,5
79,4
54,3
48,2
82,0
45,3
13,5
31,3
25,3
58,4
77,3
66,1
58,3
43,3
85,1
67,4
11,1
40,2
99,4
73,2
35,1
32,4
56,1
13,1
44,2
59,0
96,0
42,0
29,1
98,2
50,1
76,4
14,2
46,1
36,3
73,2
82,4
79,1
25,2
82,0
83,4
94,3
57,2
65,1
99,3
45,2
64,0
18,2
88,0
33,1
41,2
26,0
6,2
17,4
97,2
92,1
101,4
87,3
39,3
92,2
10,4
66,2
101,3
54,4
81,4
39,4
15,2
9,1
32,0
103,2
98,3
51,4
21,4
64,3
34,0
70,0
59,3
41,4
13,2
83,2
49,1
53,5
4,2
106,3
26,3
27,1
56,3
80,1
3,4
100,1
74,1
105,2
45,2
90,1
102,4
101,1
96,1
25,0
84,4
44,1
73,2
43,4
92,1
58,4
22,0
13,2
75,3
33,4
79,4
26,3
76,0
28,4
3,1
72,3
66,2
17,0
28,4
97,2
62,5
90,2
62,3
8,3
83,2
51,5
95,1
68,0
32,3
9,4
52,1
9,5
95,2
40,2
2,2
65,2
104,3
92,2
65,4
96,1
76,4
34,4
94,1
61,4
12,2
87,0
17,0
59,1
82,0
73,4
17,3
63,1
84,3
61,5
52,4
33,2
7,0
73,3
87,2
22,0
96,3
79,3
23,3
10,4
58,4
4,0
79,4
61,2
90,3
38,5
62,0
36,3
35,3
84,4
78,2
40,3
24,2
86,5
79,2
108,4
71,1
26,2
71,1
53,4
70,3
8,0
57,3
58,2
69,0
58,2
81,3
59,3
26,3
46,0
8,0
45,4
38,1
83,4
92,2
30,2
55,1
9,2
83,3
10,1
30,2
46,3
51,4
52,5
97,0
16,1
54,3
38,2
19,3
96,3
80,4
38,1
68,2
75,4
68,1
1,1
104,3
14,5
74,1
12,4
28,2
24,4
5,4
70,0
73,4
46,1
106,3
25,2
30,0
41,4
77,0
55,5
100,3
73,2
73,2
15,5
34,4
33,1
86,3
17,1
56,3
91,4
98,2
70,1
99,0
52,4
92,4
32,1
15,4
38,5
41,2
28,0
80,4
22,0
30,3
40,4
37,3
40,2
88,2
72,1
24,5
11,1
13,5
0,1
67,4
97,3
74,1
78,3
10,5
95,5
69,4
45,3
34,5
19,3
56,3
25,4
74,5
15,5
60,3
98,1
89,4
74,4
20,4
26,0
26,3
90,5
51,3
48,4
61,4
37,2
65,4
100,1
82,4
17,2
32,0
63,4
22,4
35,4
28,3
85,2
64,5
78,3
88,2
91,5
99,2
60,4
93,0
95,4
87,2
92,2
96,1
23,2
73,4
20,3
21,3
99,1
35,5
75,1
43,4
70,2
43,3
27,4
37,0
18,1
2,2
37,2
37,4
52,3
5,3
30,0
20,4
86,2
105,1
13,4
78,2
92,2
64,0
105,4
10,2
33,5
51,2
70,2
52,1
1,3
49,5
55,1
86,1
101,1
44,2
39,4
37,3
36,0
103,1
28,4
55,0
18,1
96,3
92,5
83,1
98,3
41,4
28,2
3,3
49,1
56,1
34,4
71,4
24,1
85,5
90,1
79,4
88,4
81,2
89,4
16,3
58,0
28,2
76,2
12,1
61,1
47,2
65,3
53,1
14,4
18,0
49,0
38,4
84,0
74,3
79,4
58,3
48,1
13,5
0,2
39,5
19,3
29,3
22,1
31,2
69,4
61,2
89,4
88,4
17,2
107,3
97,4
76,1
92,3
43,3
87,3
46,3
73,0
34,2
98,3
40,2
6,5
86,4
50,4
33,5
9,2
78,2
38,3
83,5
47,3
103,1
39,2
44,5
37,4
15,2
12,5
27,3
61,3
80,4
71,2
96,2
26,5
78,3
36,1
58,2
45,2
68,0
103,2
95,4
81,4
100,1
31,1
66,3
48,2
91,4
40,0
71,1
31,3
103,5
44,3
89,4
89,2
41,4
7,1
102,2
77,4
88,1
62,4
32,1
91,1
40,3
82,4
104,1
67,0
69,1
88,5
80,1
99,2
10,4
27,5
44,5
17,4
30,4
37,2
7,3
62,2
52,5
49,2
60,2
63,3
26,5
101,0
101,1
13,3
44,1
70,1
82,4
36,1
55,5
59,5
76,2
86,1
63,3
15,5
78,2
46,0
83,1
40,3
9,4
107,3
48,0
100,2
10,5
67,0
11,1
10,4
68,1
70,1
108,4
88,2
98,4
31,3
24,0
92,4
55,4
34,2
57,4
16,2
4,3
93,2
15,1
86,4
10,4
93,3
78,3
37,2
3,2
66,3
84,5
27,5
40,1
15,0
25,1
29,5
13,4
47,3
17,1
71,0
86,3
64,1
19,5
73,1
65,3
1,0
32,0
93,2
97,2
103,5
7,2
75,3
22,4
47,2
100,4
79,4
74,1
17,5
88,1
81,3
26,4
53,1
92,3
91,5
97,1
74,3
55,1
99,3
20,5
32,0
17,3
27,4
6,1
31,4
61,2
52,2
42,1
31,0
20,0
51,5
62,3
20,2
72,2
52,2
99,4
80,2
54,0
97,3
16,1
73,0
103,4
38,0
41,5
25,1
78,1
98,0
87,3
66,1
11,3
15,3
67,2
94,2
79,3
25,2
12,3
62,4
18,2
70,2
48,1
79,4
65,0
75,2
16,4
42,5
50,4
44,4
37,3
83,5
82,0
40,2
84,3
102,2
40,5
69,1
83,3
86,0
31,2
34,3
51,4
54,3
74,4
102,3
77,1
17,0
54,1
98,2
19,0
74,3
81,5
41,4
53,5
20,3
47,1
65,3
48,2
95,2
27,3
71,4
83,2
41,0
67,1
94,4
37,0
66,1
30,1
57,0
84,4
97,4
50,4
74,4
82,4
98,1
33,1
93,4
84,4
52,4
84,4
48,3
61,1
47,4
78,3
102,0
33,1
36,4
14,1
92,3
80,1
77,0
63,5
45,3
46,3
34,3
103,2
99,2
60,3
35,4
74,1
32,1
39,3
67,5
26,0
107,5
60,1
70,2
35,5
71,5
50,1
47,2
15,3
70,1
36,4
12,5
1,0
93,0
26,2
95,2
7,2
20,3
27,1
46,4
32,4
82,1
89,2
14,4
19,3
94,1
60,0
76,4
55,1
24,2
69,3
62,3
60,0
28,2
61,1
70,5
29,1
83,2
40,1
69,2
12,4
21,2
94,1
11,4
102,1
100,2
94,1
59,1
79,4
69,4
53,0
22,1
40,3
79,3
0,0
58,1
75,1
46,1
26,0
39,3
33,3
95,5
52,2
8,2
69,1
42,1
19,1
103,5
18,5
10,3
62,2
73,3
73,2
21,4
14,4
58,2
30,2
15,4
52,1
14,2
12,2
23,4
21,3
32,1
58,3
90,3
43,1
42,4
9,3
62,3
68,4
59,1
36,1
42,4
89,5
21,0
72,3
85,4
13,1
9,2
78,3
32,1
65,3
94,5
56,4
54,1
78,0
45,0
13,2
16,4
106,1
1,3
43,5
28,3
51,3
92,3
52,3
92,5
74,3
65,1
60,0
72,1
75,1
26,1
20,0
25,2
46,3
95,2
62,4
74,5
13,3
26,1
36,2
35,5
10,4
79,1
41,4
79,4
68,2
7,1
20,3
26,4
24,3
82,3
34,2
11,3
56,1
14,2
32,3
7,4
93,3
76,4
97,5
26,2
17,2
81,4
62,4
90,1
62,5
35,3
94,3
69,3
10,2
30,1
71,5
17,2
25,1
45,1
86,2
88,2
61,4
80,4
59,1
39,2
49,2
73,5
62,1
39,1
29,4
51,1
47,4
13,3
95,1
44,1
94,4
27,1
79,1
25,3
39,4
77,4
20,4
24,4
67,0
64,2
103,5
41,1
35,1
79,1
98,0
70,0
28,3
62,2
24,2
101,3
60,1
69,0
27,3
91,3
96,4
16,3
62,4
24,5
89,5
21,1
93,2
50,0
45,4
90,3
92,4
64,1
47,2
18,1
48,1
93,0
90,3
99,3
3,4
62,5
35,2
32,1
94,3
69,4
38,1
28,4
88,4
85,3
79,1
26,1
43,0
18,4
31,1
10,1
66,1
32,4
37,1
95,4
77,3
76,5
27,3
26,5
10,1
65,1
64,2
72,2
86,1
16,3
78,4
95,0
6,0
41,0
58,2
35,4
40,1
38,0
20,0
69,3
24,2
8,4
63,2
70,4
42,3
17,4
32,1
70,4
89,3
49,0
85,4
68,4
47,1
68,0
19,2
23,2
77,3
58,1
76,5
40,2
6,1
43,3
80,2
78,3
84,5
92,5
77,1
10,2
88,2
86,2
73,1
96,2
98,3
63,5
80,2
60,4
86,2
101,1
51,2
106,0
81,5
30,3
105,3
53,1
74,4
19,0
87,0
88,4
31,3
4,4
66,4
79,2
94,2
7,2
93,1
48,3
56,0
90,2
83,5
91,2
74,3
94,2
38,1
101,3
39,0
94,4
54,1
8,2
88,3
60,1
39,2
94,4
11,2
55,3
92,2
79,1
64,1
44,5
60,1
102,5
70,0
65,1
71,3
63,4
30,3
14,0
65,2
9,2
39,2
97,2
60,1
11,0
54,1
82,0
58,4
30,3
83,1
62,4
43,4
48,1
36,2
35,3
29,4
96,5
96,2
24,1
40,2
104,3
94,3
84,2
12,5
72,2
12,4
72,1
51,2
95,2
46,5
2,1
62,4
77,2
31,3
62,5
53,2
26,3
13,4
22,4
34,2
63,5
42,3
78,4
66,3
53,3
81,3
53,1
86,0
36,2
9,3
38,1
25,4
24,2
85,0
92,3
71,3
61,4
96,0
36,3
25,3
75,3
36,0
99,1
58,5
65,1
63,4
92,4
47,4
103,0
41,0
63,2
68,0
33,3
55,2
54,4
59,1
90,0
57,4
69,5
33,3
96,2
33,4
92,1
43,3
12,4
56,4
100,3
37,0
25,1
41,2
13,0
17,1
70,4
70,2
8,0
27,5
70,1
84,2
73,2
98,3
95,4
57,4
3,3
12,0
106,1
102,2
38,4
48,0
66,5
77,0
86,4
30,2
82,3
106,5
96,2
45,4
13,3
27,0
57,4
37,0
10,0
80,5
20,0
66,4
47,1
27,4
12,0
9,3
101,2
50,3
97,0
54,4
93,2
19,2
41,4
73,4
63,4
20,5
14,1
68,4
10,4
27,1
47,1
81,4
3,0
43,1
7,3
32,5
94,0
11,4
98,2
14,3
26,1
57,2
48,0
75,3
78,1
31,1
91,0
12,4
66,1
3,3
70,5
52,0
100,2
49,2
26,2
19,3
32,1
76,3
35,3
75,1
79,3
73,0
62,3
32,0
3,0
79,4
96,4
39,5
92,1
76,5
9,5
18,4
66,5
50,3
10,2
73,3
59,1
22,1
44,4
28,3
71,2
73,2
73,1
71,3
20,4
74,3
73,1
78,2
91,3
72,3
44,2
50,1
24,3
79,3
74,0
33,3
46,1
90,4
77,4
88,3
21,1
35,4
41,1
12,4
60,3
11,1
65,3
63,1
8,3
29,4
18,2
90,1
75,2
12,4
10,1
78,1
31,1
61,4
81,2
85,4
18,4
10,2
68,1
68,2
95,2
20,0
95,0
54,0
66,1
79,2
7,4
76,5
33,1
36,2
33,1
96,1
27,1
52,3
9,1
69,0
41,1
36,0
84,5
46,1
25,5
67,4
46,0
54,4
87,1
25,2
51,4
12,1
69,1
50,5
35,2
12,3
72,2
62,0
21,1
75,3
16,5
47,4
26,0
45,1
38,3
48,3
46,3
44,2
52,1
54,2
7,1
18,1
24,1
53,5
53,3
7,3
30,3
41,0
28,3
15,3
43,4
31,0
98,5
88,3
76,0
19,3
33,1
25,4
68,1
96,2
55,4
95,2
45,0
22,4
81,2
68,1
20,1
53,0
32,2
72,3
90,1
34,2
50,3
88,2
36,1
8,1
87,0
39,3
56,1
69,5
25,2
22,4
44,1
19,3
9,3
106,5
11,1
59,4
2,4
42,4
31,3
91,3
94,4
66,4
14,0
44,4
12,2
78,4
19,1
99,3
68,4
56,1
6,4
24,5
75,0
85,3
51,4
25,0
71,4
28,2
17,5
81,5
40,2
74,3
98,1
9,2
45,0
6,3
18,5
39,3
100,0
83,1
55,4
29,4
89,2
99,2
6,0
82,2
41,1
39,1
101,3
41,5
29,4
22,2
99,0
107,1
65,2
64,2
101,1
74,4
16,2
20,0
84,1
67,2
34,4
107,3
92,2
75,5
82,5
25,5
9,4
43,2
89,3
97,3
75,3
82,5
40,2
83,1
90,3
91,5
86,3
105,4
51,3
12,2
69,3
27,5
75,1
49,5
44,3
23,3
67,3
63,0
86,3
79,2
99,1
108,1
8,2
50,5
27,2
51,1
32,4
90,0
100,1
23,4
13,4
20,1
80,3
13,2
85,4
69,5
12,0
19,3
15,4
12,4
14,3
54,2
39,3
49,2
101,5
22,2
22,2
78,3
54,3
33,3
84,4
33,0
66,2
32,2
58,5
16,5
52,3
69,0
59,4
27,1
21,1
42,2
54,1
51,3
22,3
28,1
81,3
46,1
38,2
9,0
11,4
22,4
76,4
32,2
75,3
88,4
88,1
65,1
58,1
56,2
30,1
37,2
28,3
61,2
34,0
77,4
15,1
66,1
57,1
26,4
61,5
9,3
11,1
38,1
104,4
77,0
8,3
70,3
11,4
96,2
15,2
90,1
6,5
65,2
42,1
80,1
90,4
80,3
90,2
55,3
103,1
52,3
36,3
7,4
17,3
34,1
29,2
47,3
102,0
18,4
100,1
55,2
76,1
70,2
53,2
68,4
91,2
100,4
60,4
97,4
42,1
17,3
16,1
62,2
66,4
16,4
101,4
27,5
70,2
96,3
37,2
10,3
10,1
32,4
33,4
17,1
50,1
39,1
3,2
28,1
85,3
45,4
95,4
92,4
92,3
93,4
80,2
97,2
98,3
48,3
33,1
41,5
99,5
14,0
58,1
42,1
82,5
98,1
1,4
63,3
33,4
83,4
92,4
14,3
42,3
95,3
60,3
19,3
22,1
28,2
80,1
59,1
19,1
52,4
6,1
36,2
99,3
93,5
43,5
7,2
30,2
78,4
89,1
32,0
106,3
28,2
92,0
93,3
93,4
43,4
26,1
31,4
20,5
59,0
61,3
100,2
75,3
65,2
77,1
45,1
85,4
26,3
17,4
32,2
32,3
87,4
72,2
63,3
87,3
86,1
26,4
84,3
21,2
37,4
60,4
87,0
52,5
71,1
99,4
100,3
79,5
36,0
88,2
68,3
53,4
64,0
40,2
56,2
106,3
18,3
81,2
100,5
40,1
48,3
15,0
102,3
31,0
95,5
71,5
50,0
30,4
10,1
26,3
15,2
10,4
60,4
72,3
82,3
8,3
30,4
42,4
97,2
50,4
50,3
14,2
13,2
14,0
46,4
72,5
44,1
6,4
62,1
39,2
62,4
12,2
64,0
84,4
86,4
9,3
24,2
102,4
13,4
97,4
27,0
14,4
35,5
16,3
100,4
84,2
4,2
73,4
76,2
60,3
21,0
96,2
37,3
30,2
16,2
48,3
28,1
62,3
96,0
85,4
8,0
13,0
41,4
39,2
2,3
42,4
59,4
72,2
39,2
76,3
61,1
67,3
56,4
64,3
38,2
91,1
95,2
90,4
51,1
23,4
74,3
85,4
86,1
28,2
66,3
38,1
17,3
38,1
64,1
95,1
30,2
107,3
84,3
89,0
39,3
80,3
14,4
77,3
80,1
70,4
99,4
48,1
39,0
35,3
36,1
14,4
99,0
80,2
63,5
74,4
50,0
22,5
89,1
30,2
31,3
61,1
56,3
14,3
31,1
59,2
22,4
22,4
10,4
15,0
38,1
78,0
77,2
14,0
75,1
72,1
86,2
102,0
88,3
52,1
82,2
66,1
80,0
100,4
32,0
27,1
76,3
59,1
33,2
56,4
98,5
64,2
65,0
24,3
96,4
47,3
38,2
49,4
19,2
70,2
90,1
104,4
12,3
46,3
68,3
48,3
70,2
55,4
22,2
58,4
53,1
57,1
70,1
92,3
100,2
100,2
55,0
89,2
87,2
90,1
47,4
94,3
46,4
69,0
16,4
101,4
102,1
94,2
59,3
94,2
12,2
27,2
8,5
57,1
97,0
54,4
33,5
92,4
38,2
97,1
22,1
22,5
85,2
94,0
43,1
62,3
72,0
78,0
18,2
54,1
100,4
6,1
7,3
92,4
26,2
39,3
47,2
41,3
103,4
87,1
16,1
78,2
26,4
30,5
54,5
49,0
82,3
51,1
82,3
47,2
10,2
25,0
97,4
97,2
93,3
82,5
27,1
69,0
31,2
25,3
26,5
72,4
13,1
41,3
72,1
79,4
15,1
75,3
87,1
58,3
69,4
91,2
89,4
49,1
10,3
15,1
16,3
36,0
14,1
79,4
29,4
24,1
43,2
53,4
35,1
68,4
93,0
29,1
47,2
47,4
97,2
62,1
76,4
63,4
39,3
82,0
47,2
53,1
35,2
56,4
13,0
49,0
30,3
81,4
59,3
79,1
98,4
98,3
7,3
62,2
93,4
26,2
74,4
98,5
76,2
56,1
30,2
17,0
61,2
77,3
72,2
95,1
53,3
57,4
36,3
77,1
55,1
71,3
15,3
29,4
69,1
72,5
78,0
37,2
41,1
20,3
31,3
28,2
19,1
95,0
69,4
6,4
59,1
33,1
59,1
86,2
60,0
20,2
95,3
85,1
27,4
26,2
69,2
76,3
21,4
68,2
71,2
45,1
68,3
21,0
21,3
24,4
28,3
104,1
18,1
29,5
26,1
62,4
12,5
22,1
105,4
92,1
63,0
64,3
82,1
15,1
4,2
99,5
96,5
89,2
4,1
54,2
24,4
72,5
16,3
98,2
81,1
44,2
52,4
99,2
82,5
7,2
100,5
83,4
23,1
51,5
76,4
35,3
25,1
108,3
73,4
72,4
58,3
78,5
60,1
19,1
17,3
22,4
98,4
95,5
31,3
60,3
49,2
89,5
47,3
49,0
96,3
31,4
76,2
78,1
10,0
29,2
11,4
34,5
70,3
43,5
10,1
72,5
59,4
52,2
62,3
68,5
85,2
59,2
46,2
94,3
78,1
18,2
76,5
90,1
26,5
5,4
88,3
18,2
69,1
91,1
29,4
34,1
100,3
29,4
78,2
33,2
73,4
33,2
6,3
77,4
80,2
67,5
48,4
30,3
56,2
71,1
41,5
95,4
3,3
83,5
33,2
36,4
65,5
93,2
21,1
73,1
15,2
47,2
21,3
27,2
23,0
90,1
2,0
45,5
60,3
80,5
31,4
102,4
39,4
21,3
95,1
76,3
95,3
74,5
104,2
57,4
13,4
95,1
57,4
29,4
78,5
10,3
80,4
58,1
102,4
59,0
48,0
100,4
49,3
77,4
24,4
44,3
48,4
40,3
35,5
60,1
98,4
63,2
45,0
55,1
23,1
62,3
20,3
56,3
68,1
65,3
54,3
19,1
89,4
72,5
48,2
18,3
23,5
34,2
45,2
104,4
37,4
38,2
96,1
100,1
40,1
27,3
12,0
95,3
50,1
26,4
18,1
39,3
44,2
32,3
49,3
56,0
101,4
103,4
39,3
40,1
53,1
95,2
11,3
23,0
23,5
32,3
8,5
12,0
88,2
27,2
83,2
72,5
24,2
64,1
20,2
54,4
73,2
26,5
72,2
49,1
37,4
66,3
11,3
37,3
13,1
72,2
38,4
68,3
16,3
63,3
92,1
31,3
36,2
49,2
54,2
46,3
101,4
56,1
101,4
11,3
49,2
12,3
82,4
29,1
13,3
92,5
74,1
36,5
93,1
75,1
30,4
51,3
39,3
96,2
100,3
84,0
54,0
88,3
97,4
45,4
66,4
72,2
33,0
43,1
40,3
46,1
8,1
69,1
13,3
20,3
11,2
93,4
76,0
37,5
27,2
85,4
15,1
47,4
61,2
50,2
6,1
75,0
23,3
40,0
29,4
25,0
39,4
43,4
9,3
15,3
39,2
73,3
40,2
80,5
42,0
75,4
89,5
65,3
63,4
75,2
87,3
60,1
36,4
44,2
81,4
38,3
48,5
41,1
90,5
38,1
87,5
8,2
5,1
34,4
6,3
7,4
78,4
20,4
89,1
75,5
66,3
37,5
34,4
33,0
68,5
50,5
64,3
70,3
59,3
40,3
87,4
78,1
15,2
31,2
62,2
14,2
43,4
59,1
68,5
56,4
51,4
64,2
88,1
49,1
47,5
80,3
99,0
24,1
48,5
101,4
45,1
65,1
59,0
104,4
103,4
48,4
56,1
97,0
87,4
3,0
24,2
63,2
89,3
71,1
42,1
46,0
48,4
8,4
54,3
41,4
40,4
86,5
97,2
84,4
19,3
28,2
14,0
52,1
28,5
75,2
57,2
78,5
88,2
43,1
24,4
65,2
64,4
32,1
21,2
36,1
92,2
69,4
70,4
79,3
56,3
18,3
98,1
18,3
5,3
89,2
66,5
8,2
22,2
35,3
95,4
24,3
5,1
36,2
100,2
66,4
84,4
65,3
31,3
50,5
20,3
84,0
16,3
27,1
82,0
62,0
43,2
30,1
10,1
13,1
90,1
28,2
80,4
96,2
55,3
92,2
56,4
10,3
99,2
44,5
75,1
16,3
24,4
18,1
97,1
44,4
103,1
56,1
46,1
20,0
20,2
16,4
47,4
23,0
35,5
70,3
37,5
40,3
76,1
92,3
102,0
57,1
37,2
46,1
84,2
43,2
53,1
12,2
10,3
44,2
89,1
89,1
62,3
54,1
8,2
45,3
31,2
97,5
48,3
52,4
48,2
90,5
76,3
62,5
94,2
87,4
102,5
16,4
85,1
95,2
77,5
71,3
75,4
69,1
64,5
100,0
24,0
21,0
43,3
19,1
26,1
34,1
55,4
32,5
90,1
44,1
47,2
53,1
15,2
31,0
30,0
2,3
56,2
27,4
6,2
29,2
97,1
97,4
96,3
82,3
53,1
50,5
34,2
69,3
25,1
34,3
42,3
80,2
99,4
96,4
44,1
9,4
68,2
66,2
72,1
47,5
88,2
18,1
93,3
10,4
91,5
66,1
57,4
56,1
81,2
45,5
68,5
29,2
36,2
98,0
21,1
53,1
35,4
26,2
98,1
102,0
63,0
21,4
90,4
22,2
67,3
26,1
41,1
80,4
48,1
61,4
56,3
85,5
19,4
87,5
44,5
45,3
35,2
14,3
31,0
99,0
44,1
101,4
51,2
88,2
45,3
80,2
49,1
42,1
62,3
43,4
98,2
63,4
39,1
35,2
92,2
20,0
65,2
25,4
78,2
89,5
99,4
57,2
36,3
94,4
4,4
95,3
4,1
16,4
33,5
0,3
16,1
42,1
79,4
40,1
65,4
27,0
20,0
54,2
62,4
50,1
87,0
24,3
97,3
81,3
75,5
40,5
83,0
88,2
45,4
4,3
59,2
30,3
18,3
72,5
19,2
76,4
6,1
59,2
67,0
57,2
65,5
103,4
11,1
17,1
68,1
14,2
17,5
9,0
56,2
5,1
64,0
19,0
38,1
9,3
106,0
70,2
1,5
47,4
21,5
46,2
23,3
61,5
53,3
15,0
22,5
28,1
27,1
37,5
76,3
101,2
12,1
58,1
12,2
13,4
38,4
98,1
82,2
51,2
56,4
17,2
31,3
45,1
17,5
6,1
14,4
88,4
73,0
60,3
9,4
45,5
8,3
64,2
45,2
78,2
61,2
98,1
32,3
39,3
75,4
11,4
91,0
19,2
30,1
80,4
68,1
52,3
10,2
56,0
72,5
95,1
36,3
106,5
96,1
57,4
42,1
36,3
79,3
67,1
70,0
71,2
51,2
17,2
73,2
42,5
17,5
79,1
38,2
38,1
68,4
5,2
86,2
95,3
67,1
104,4
86,4
41,2
69,2
85,0
27,3
35,2
8,5
95,2
8,2
31,1
59,1
68,1
8,1
1,2
79,5
9,5
64,2
42,3
38,1
31,0
36,3
87,1
70,3
33,0
101,2
58,1
76,0
92,4
43,1
20,4
96,4
46,1
26,1
98,2
52,2
25,3
69,4
41,4
35,3
24,3
88,1
98,3
11,4
20,4
37,0
45,4
25,4
36,1
10,2
50,2
7,2
34,4
63,3
59,1
52,0
54,2
7,3
84,4
91,3
14,4
69,4
84,1
34,4
39,0
101,3
88,2
20,0
42,1
22,3
45,4
17,5
53,3
28,2
54,2
42,1
12,2
78,1
74,1
31,1
73,4
59,1
91,3
102,3
39,2
63,3
36,2
61,5
45,1
29,1
44,3
3,2
24,1
65,4
97,4
92,2
32,0
25,0
74,1
8,3
61,4
17,4
36,4
30,2
42,3
32,3
87,2
73,0
83,2
26,4
57,3
85,5
24,3
86,1
48,1
42,1
27,5
17,3
76,4
93,1
86,3
94,0
22,4
81,4
20,1
22,0
59,3
6,0
67,2
61,2
52,2
41,2
30,2
95,2
88,3
105,3
77,4
58,2
55,3
47,1
51,4
85,1
38,4
73,1
29,2
80,3
40,1
53,1
84,5
82,1
34,5
23,0
64,2
24,3
71,1
93,3
47,3
60,3
37,4
78,4
51,4
100,3
73,2
99,3
58,2
103,4
59,4
21,1
7,3
83,1
57,2
37,2
87,2
52,2
79,2
48,1
50,0
31,4
92,2
96,5
11,5
86,4
65,4
59,4
53,1
7,3
59,4
80,2
27,0
98,3
41,2
5,4
59,3
25,0
45,1
46,2
77,2
13,1
10,5
97,2
39,5
96,5
40,1
81,1
48,3
36,5
105,1
60,1
80,4
30,3
73,1
101,0
21,1
43,4
69,2
56,4
25,5
26,0
77,4
78,1
55,2
60,0
74,2
107,2
81,1
73,3
35,1
41,4
9,3
8,3
102,3
106,2
47,5
84,3
36,5
66,3
79,5
77,5
80,4
90,5
53,2
40,3
57,4
23,2
38,1
70,2
82,5
24,2
44,2
73,3
43,0
22,4
15,1
91,3
23,1
11,4
63,4
39,2
105,2
23,4
60,2
51,2
66,1
19,2
73,4
55,3
16,5
48,2
76,5
21,3
51,2
53,1
13,5
90,4
73,5
92,4
26,4
69,3
78,4
79,1
6,5
92,2
87,4
73,2
96,5
24,4
68,5
20,5
64,4
103,4
22,3
50,3
60,3
71,2
77,4
45,4
42,4
11,0
52,4
66,1
62,2
36,2
14,0
84,1
89,4
36,5
31,1
47,4
81,2
83,3
26,2
72,3
67,4
59,2
4,2
88,2
60,4
96,3
101,1
33,2
99,0
23,5
9,2
51,4
72,1
51,4
80,1
88,4
2,1
27,4
50,1
61,1
16,3
56,3
17,3
25,1
77,4
90,3
102,1
48,1
95,0
100,5
46,4
66,0
60,2
76,1
81,1
33,2
13,3
20,0
39,3
90,5
7,3
53,2
86,0
30,4
82,5
7,1
4,3
29,4
23,1
38,3
78,2
104,2
4,3
36,5
48,3
103,1
85,5
9,0
27,1
8,2
91,3
22,4
58,4
47,2
95,2
50,3
92,4
44,3
22,4
39,3
77,1
100,0
59,0
54,3
29,4
18,4
26,4
79,3
20,1
88,1
15,3
28,4
54,3
50,2
60,2
91,4
18,5
37,1
77,3
30,3
41,2
52,3
96,1
82,5
64,4
10,4
89,1
57,0
87,3
36,2
96,3
87,5
57,5
24,3
85,5
51,1
45,3
25,3
54,2
26,5
55,2
95,4
7,5
40,3
82,1
78,4
71,4
35,1
15,1
6,3
103,2
62,2
35,1
86,4
63,1
94,1
98,4
100,0
18,2
96,2
47,4
36,4
98,3
95,2
13,0
34,2
27,3
101,3
63,3
106,3
90,1
55,2
103,3
71,3
46,2
20,0
13,1
99,2
0,2
47,2
5,2
69,4
23,4
90,5
50,2
18,5
60,1
72,4
18,4
65,2
4,4
34,4
42,2
56,3
40,4
21,1
75,2
36,2
74,0
11,3
66,1
72,1
81,3
74,4
20,3
91,5
71,2
5,0
74,0
49,3
83,3
43,4
69,1
43,0
80,3
95,2
3,3
20,3
37,4
45,4
49,1
76,5
82,2
37,5
42,1
43,1
44,0
55,3
81,0
18,4
63,3
49,2
97,1
78,3
48,1
48,3
15,1
65,1
58,0
38,4
104,4
56,4
3,3
108,1
62,4
94,3
30,2
45,3
5,5
21,2
29,2
88,4
22,1
13,0
107,4
39,3
33,4
90,2
78,2
32,3
19,4
43,3
24,3
36,2
85,3
33,0
24,1
65,2
52,2
7,3
93,4
79,3
89,2
71,5
67,2
26,5
65,2
62,2
24,4
10,4
88,3
99,5
76,0
9,3
31,1
24,2
7,5
87,5
45,3
27,2
69,4
91,0
50,3
65,5
98,4
10,5
74,1
34,4
39,4
82,4
87,2
70,1
61,3
33,4
9,5
89,2
99,1
63,3
35,2
43,3
1,3
58,1
78,2
11,2
71,4
30,5
21,3
65,2
78,2
62,0
25,3
100,1
76,2
66,2
59,3
53,1
70,0
33,3
45,2
80,3
99,0
38,1
14,5
101,3
52,5
104,3
70,3
35,1
16,4
70,2
99,4
99,3
62,3
66,2
24,0
59,2
76,5
11,1
81,4
46,2
30,1
8,0
63,0
97,3
105,2
100,3
93,3
56,0
39,1
95,2
53,4
67,4
57,5
87,4
82,3
47,3
33,0
58,4
7,2
49,3
8,1
96,1
24,4
2,5
82,2
77,2
44,1
26,1
41,0
47,2
28,5
67,3
82,0
14,0
61,5
62,4
74,5
94,3
55,4
61,1
24,2
21,4
92,0
47,4
39,4
99,2
47,0
36,1
50,1
82,3
94,4
40,0
74,5
96,5
39,3
18,1
67,0
21,3
99,1
104,3
84,4
99,1
75,2
65,4
91,0
60,3
95,1
56,2
62,0
73,5
95,3
66,5
73,1
80,3
63,2
22,3
50,1
93,4
24,2
30,1
62,1
3,0
16,2
22,2
69,5
54,4
47,5
71,1
24,2
100,5
47,1
63,0
68,1
65,4
13,4
81,2
65,3
77,0
94,1
28,5
75,4
61,3
99,1
27,1
46,2
74,4
82,4
50,0
65,1
58,4
50,4
101,1
63,4
51,3
56,2
100,5
28,0
68,1
80,2
24,1
7,1
59,1
45,3
85,2
44,5
8,3
31,4
82,0
11,2
38,3
34,4
32,2
75,0
50,1
18,3
72,2
62,3
64,2
95,1
26,2
19,3
21,3
10,5
82,3
40,3
58,2
66,0
45,3
10,2
79,3
79,3
99,5
13,5
21,4
108,4
84,0
64,1
37,1
36,5
13,2
97,3
6,0
17,0
42,1
99,3
5,5
45,3
85,4
17,3
68,2
61,2
91,0
41,3
80,3
34,4
43,4
24,1
103,2
9,1
39,0
39,5
71,2
67,2
95,1
7,1
81,1
21,3
38,3
88,4
28,4
67,1
62,4
24,5
18,3
101,1
62,5
36,4
59,2
21,5
50,3
97,4
73,0
45,3
83,5
6,1
97,4
60,2
77,2
72,1
65,5
38,3
95,4
45,2
47,3
63,0
100,5
31,4
25,5
85,3
74,3
95,2
62,3
18,4
97,4
93,5
59,1
61,1
80,0
13,1
96,2
47,2
23,4
4,5
48,3
26,2
91,3
106,4
31,4
80,3
40,1
75,5
5,3
20,2
101,3
29,4
99,4
49,0
15,5
50,4
87,3
53,3
72,1
93,1
32,3
43,0
16,1
23,4
13,1
79,1
16,3
34,5
20,1
44,1
35,0
45,1
87,4
19,5
36,4
93,3
80,1
36,2
55,4
43,2
31,4
27,3
28,1
59,4
56,3
84,0
35,0
84,3
74,2
81,4
6,4
74,2
90,4
89,3
67,4
28,3
61,1
67,2
64,2
88,1
99,0
70,0
48,4
37,2
61,3
14,1
80,0
20,0
83,5
97,2
25,1
64,5
76,4
15,4
55,3
97,3
11,3
74,2
42,2
16,4
59,4
2,3
42,4
29,0
94,5
60,1
84,2
69,4
100,0
52,1
7,4
31,5
87,3
20,4
27,3
39,4
95,3
81,5
83,4
85,4
95,0
66,3
53,3
74,3
45,1
14,2
19,2
0,0
96,2
51,2
50,1
84,5
81,2
31,3
94,2
72,1
69,4
35,4
35,4
10,2
19,1
75,1
20,1
39,0
25,3
94,2
35,2
99,1
30,0
80,0
41,1
55,1
21,3
64,5
36,1
66,0
101,2
17,3
58,0
35,3
51,4
80,2
2,2
39,5
14,5
31,5
49,1
9,1
80,4
88,2
29,4
91,0
20,2
59,4
85,4
20,4
18,1
103,4
56,5
15,3
48,1
60,4
15,1
47,3
57,4
37,2
38,2
103,3
46,0
13,1
55,3
32,3
60,0
44,4
7,1
52,1
67,4
51,5
34,2
79,2
98,4
33,1
42,2
24,4
39,0
59,1
5,3
65,2
63,4
11,4
100,3
29,3
17,2
29,1
94,3
87,5
31,3
9,4
50,0
102,0
46,0
17,3
69,5
98,4
60,3
30,2
80,2
84,4
36,2
32,4
78,0
84,1
16,5
41,2
14,5
46,0
89,1
58,2
90,4
44,4
13,4
58,2
45,2
95,2
66,3
13,4
82,5
41,2
46,4
13,3
38,1
83,2
55,4
42,2
70,3
52,5
63,3
72,3
40,3
42,3
20,0
10,5
30,2
25,2
87,1
101,3
43,2
45,5
97,1
12,0
64,3
67,4
20,4
41,5
46,3
19,1
84,0
40,2
11,2
87,1
14,2
94,0
92,3
18,3
18,1
37,3
55,2
26,4
86,1
16,4
89,2
91,1
97,5
18,3
42,3
97,4
21,5
84,5
98,5
90,3
97,2
35,1
107,4
100,0
11,2
18,4
93,0
41,1
67,1
79,2
94,2
31,4
91,4
73,3
67,1
99,4
96,4
36,4
81,1
97,1
33,4
47,0
67,5
29,1
39,2
90,1
73,2
55,0
9,4
15,4
41,3
16,2
91,4
55,0
46,4
91,3
60,1
53,1
13,1
98,1
97,4
25,4
88,4
59,2
98,5
44,4
48,1
102,1
23,4
17,4
12,1
40,3
24,0
32,1
91,1
72,4
29,2
64,3
31,4
54,1
10,1
64,1
44,2
102,4
97,3
103,3
1,4
41,3
103,2
101,5
31,4
11,0
38,4
97,2
7,2
14,4
100,3
34,0
96,3
53,5
96,0
84,1
80,1
64,5
104,1
28,1
53,1
6,1
102,1
12,4
40,4
94,0
6,1
87,0
12,0
57,4
54,0
34,2
35,2
94,1
106,2
12,3
25,1
31,0
105,1
8,2
96,3
63,4
80,3
40,0
38,2
32,2
105,5
51,1
68,0
78,1
19,4
79,2
19,4
22,2
100,2
20,2
60,4
72,4
49,4
91,3
39,2
85,3
94,3
15,0
46,1
50,2
49,1
15,3
38,4
78,1
81,3
73,1
47,5
82,4
57,4
94,2
98,2
40,0
35,5
48,4
96,1
65,2
57,3
78,0
30,3
15,1
32,2
79,2
23,2
15,2
2,3
14,1
19,1
33,1
25,0
81,4
39,4
84,4
33,4
53,3
74,3
82,3
90,2
87,1
92,0
94,3
90,2
33,2
38,4
8,1
22,5
48,1
29,2
48,4
102,1
54,4
86,3
28,2
24,2
27,5
12,2
39,3
80,5
43,4
62,1
100,1
93,1
50,2
104,4
72,1
45,0
64,1
55,4
63,2
41,1
71,0
27,2
20,2
17,4
13,2
100,1
14,1
40,3
97,5
11,4
92,1
32,4
91,3
61,4
38,2
101,3
59,3
97,2
27,2
95,3
18,3
18,5
38,0
30,3
78,0
15,2
58,2
79,2
76,4
17,4
101,3
98,3
6,4
13,2
84,1
62,5
89,1
20,2
101,4
90,2
7,1
64,3
30,3
91,2
61,2
9,1
3,1
12,1
31,3
83,4
93,1
82,4
67,0
92,2
44,2
84,2
74,3
83,4
56,2
7,2
16,0
73,0
70,4
23,4
39,1
91,2
19,2
103,0
74,1
16,4
30,2
37,2
53,0
55,1
52,1
7,0
75,1
89,1
57,3
72,0
26,4
70,4
62,3
88,3
31,4
20,2
89,1
46,2
58,1
43,0
23,0
14,0
67,3
73,4
93,1
74,1
53,5
27,4
57,3
73,2
1,0
85,0
49,4
83,4
12,1
45,3
11,3
86,0
73,1
18,3
86,3
50,2
97,3
12,5
11,4
86,0
65,1
23,3
64,2
95,3
99,2
101,1
88,4
35,5
98,1
31,2
100,4
92,2
70,5
16,2
94,5
35,2
24,1
4,2
55,1
26,1
103,3
21,0
93,1
74,3
95,0
74,5
77,3
58,2
53,2
18,2
14,2
64,1
60,3
50,1
80,3
47,2
31,1
60,3
48,1
48,2
79,3
45,5
93,2
45,5
47,3
102,3
73,5
8,3
94,2
24,0
49,2
5,3
16,3
92,2
24,1
44,4
34,2
16,1
78,4
63,3
85,2
24,4
67,1
27,5
82,2
71,1
66,5
79,4
10,3
79,1
78,3
28,5
56,2
90,4
23,3
2,1
79,1
24,3
15,3
90,5
45,0
51,2
59,4
55,4
33,1
70,2
42,3
82,2
64,5
22,4
45,2
12,4
49,2
97,3
29,5
37,1
74,5
64,5
41,2
97,1
13,4
51,0
41,0
57,2
91,2
11,2
41,4
87,4
32,3
15,2
12,3
58,4
89,5
39,5
101,1
59,0
67,2
97,4
84,4
97,5
10,2
57,2
15,4
36,3
52,0
29,3
105,3
61,4
53,5
5,3
63,3
86,2
13,2
47,1
93,1
15,0
55,2
19,1
107,1
21,1
74,0
12,2
65,4
28,3
84,5
61,4
50,2
47,3
95,3
33,2
53,1
5,5
32,3
41,1
50,4
102,2
27,1
29,0
63,5
68,5
18,0
7,0
21,4
74,0
46,3
39,5
15,2
96,2
36,1
30,2
101,2
98,3
74,5
13,1
25,3
68,1
66,3
64,3
104,3
99,4
15,4
50,4
48,2
97,5
77,1
70,0
23,3
56,2
70,2
58,4
11,2
51,3
11,3
49,2
92,1
36,4
63,4
44,4
91,0
40,3
68,1
94,0
25,5
84,5
47,2
34,5
59,3
58,5
92,3
95,4
48,3
69,0
23,4
20,4
67,5
12,3
91,4
42,0
42,2
6,2
105,2
22,3
5,2
47,2
80,1
30,4
85,4
100,4
59,1
64,3
74,1
59,3
56,5
65,3
93,0
32,3
92,5
50,4
21,4
28,3
95,4
84,2
60,3
97,2
91,3
39,0
14,1
98,4
71,1
17,1
96,1
18,1
95,1
10,2
49,2
8,0
17,4
95,4
85,3
87,5
63,5
78,4
83,4
94,5
10,4
43,3
1,1
55,1
71,1
30,0
14,2
42,2
49,2
90,1
34,2
36,2
53,4
30,1
56,1
88,2
100,5
8,4
12,3
98,3
33,4
16,4
22,1
88,1
18,1
48,2
39,1
70,5
40,4
81,1
92,0
95,4
86,2
83,1
67,5
53,3
102,4
82,2
22,1
33,4
35,3
21,0
19,5
2,0
45,2
81,4
36,2
42,5
13,4
51,1
2,4
66,4
30,4
4,3
81,2
73,3
20,4
57,2
8,3
9,1
16,5
100,1
43,5
3,3
42,2
30,2
13,2
60,1
84,1
38,0
31,2
23,4
79,3
92,3
41,5
25,2
99,5
68,4
56,4
94,2
9,4
29,4
94,5
106,4
80,4
33,5
5,4
8,4
32,3
4,2
18,2
64,0
31,5
3,3
96,5
13,5
40,0
66,3
29,2
78,2
102,5
61,1
35,0
27,0
49,3
60,2
93,3
45,0
58,2
29,2
34,1
62,4
40,3
53,1
58,2
55,1
86,2
15,4
32,1
57,3
35,3
19,0
82,0
56,5
63,2
83,1
67,0
60,2
69,3
64,4
32,3
52,4
79,4
22,3
82,1
13,4
76,4
41,5
60,3
48,2
36,2
58,2
100,1
26,5
24,2
43,2
7,0
88,4
41,4
19,2
43,1
97,2
63,3
50,1
17,2
25,2
29,3
70,1
6,1
57,1
91,1
11,3
89,1
19,0
39,2
90,2
39,0
69,1
57,3
9,4
40,1
60,3
25,3
102,3
85,3
69,2
42,3
86,1
54,5
79,4
44,2
21,2
52,2
93,4
57,4
96,5
30,0
52,3
15,1
50,0
28,0
24,1
30,4
79,4
21,3
19,2
31,2
68,0
89,3
7,2
56,0
70,4
90,4
3,1
34,4
49,1
70,3
2,2
77,0
40,5
35,2
79,3
5,1
61,2
88,0
21,4
32,2
13,4
47,4
49,2
87,1
21,4
63,1
51,3
21,1
58,1
13,4
66,4
54,5
90,3
13,2
18,1
94,2
64,4
69,0
64,1
11,2
78,1
61,2
60,4
64,1
35,4
62,2
43,1
60,4
98,2
90,3
10,1
87,2
87,0
96,3
94,3
23,4
65,3
13,2
30,2
75,4
58,2
59,3
78,2
44,3
83,4
43,3
100,3
26,2
46,0
57,3
58,3
7,3
88,0
75,4
27,5
75,2
95,1
56,4
36,4
50,4
25,3
44,0
97,2
48,1
55,3
74,3
57,4
31,3
85,1
22,1
35,3
99,1
33,3
80,0
104,2
28,1
67,3
90,3
60,1
67,3
3,1
57,2
91,1
71,2
61,0
10,3
86,5
42,4
85,2
10,3
11,1
58,3
21,4
55,0
13,1
9,1
9,4
81,5
29,1
21,4
51,2
103,0
56,0
97,4
78,2
42,5
40,4
8,3
36,3
16,4
22,3
107,2
103,2
14,5
13,2
37,3
87,5
10,4
24,0
83,2
92,1
19,1
89,4
54,4
100,3
32,1
20,4
46,2
46,2
50,5
31,2
34,5
59,3
55,3
79,3
16,0
31,1
100,4
72,4
44,1
60,4
80,1
8,3
85,3
29,1
86,4
17,0
32,4
90,3
36,3
50,2
46,1
9,2
16,0
17,5
85,2
74,1
22,4
77,3
14,5
29,4
43,3
81,0
53,1
