X,Y
45,0
49,2
69,5
67,0
74,4
18,5
84,4
21,0
42,1
91,4
78,1
97,4
88,0
13,3
67,4
66,1
46,4
96,4
54,4
94,4
82,4
38,3
28,1
82,0
73,4
17,0
25,2
85,2
75,1
86,1
54,5
72,1
82,3
102,3
94,4
54,4
30,1
28,5
22,3
22,2
42,5
36,1
72,2
12,4
60,0
33,3
34,1
76,0
30,3
38,3
81,1
63,1
34,2
42,3
3,3
0,1
43,1
59,2
11,3
45,2
17,1
81,1
5,1
44,0
60,4
34,1
5,2
73,4
45,3
57,2
35,1
11,1
49,5
86,0
97,0
6,2
21,1
99,3
53,0
14,2
43,1
86,1
77,1
73,0
14,5
71,1
54,0
7,1
82,2
57,3
83,3
19,1
21,1
99,4
58,4
30,2
83,4
18,5
90,1
51,3
57,4
70,2
49,1
38,3
70,4
97,1
75,2
98,1
0,1
51,0
37,5
41,3
48,2
94,3
12,0
107,3
46,4
77,0
28,1
82,2
7,2
19,5
43,3
60,1
23,1
65,0
7,0
102,1
69,2
40,3
97,3
68,3
84,1
48,4
104,1
28,1
87,0
52,4
31,2
21,0
44,1
62,4
72,4
44,2
17,5
93,4
47,2
14,4
3,3
52,2
81,3
39,1
62,2
9,3
45,2
22,0
46,3
50,2
58,1
64,2
77,5
35,2
27,0
11,4
7,4
96,1
106,1
14,3
41,2
77,3
26,4
103,1
81,3
35,2
72,1
54,4
74,1
63,1
18,1
103,4
4,4
72,2
17,3
86,2
78,4
82,2
57,4
17,2
24,5
32,5
26,4
28,0
83,0
67,5
64,4
86,4
33,4
33,2
78,5
91,4
36,2
19,0
71,2
64,1
33,0
79,2
44,3
18,2
44,1
62,3
84,3
18,0
42,2
95,3
6,5
103,4
49,3
94,4
32,3
67,3
87,2
5,2
84,3
41,2
87,2
70,4
76,5
93,3
45,1
33,5
16,0
86,3
11,3
56,1
45,3
33,2
7,3
34,2
85,1
96,4
29,2
58,3
56,0
53,2
28,1
61,1
34,4
73,4
35,2
46,2
10,3
78,0
50,4
24,3
8,4
53,2
96,2
53,5
3,4
37,5
15,4
14,4
35,3
50,3
79,2
42,3
61,1
94,2
99,2
52,5
34,1
40,3
94,1
41,3
8,1
38,2
6,3
84,1
38,3
75,0
61,3
88,3
66,2
15,2
70,5
2,3
81,4
35,0
99,0
42,1
42,0
57,0
33,1
71,1
43,4
31,5
33,5
33,4
20,4
19,1
100,1
91,1
6,3
76,5
12,4
52,3
72,2
97,1
92,2
40,3
48,3
79,2
29,1
37,0
19,4
71,1
75,4
22,3
98,5
47,1
86,3
54,3
45,1
99,1
53,0
30,4
80,5
97,1
99,4
99,2
77,4
36,0
84,0
63,2
8,5
86,4
67,0
16,3
42,3
101,1
25,1
68,5
67,5
55,4
16,1
59,0
98,2
100,4
89,3
33,2
26,2
78,3
75,2
95,0
21,5
61,0
89,5
56,3
71,1
77,1
99,2
41,0
25,0
40,2
49,1
17,3
86,2
36,3
29,4
89,3
72,5
23,3
103,5
83,4
10,0
78,5
67,0
15,0
5,3
3,3
14,5
87,4
87,1
62,3
15,2
9,4
46,4
93,1
48,2
30,2
80,3
57,4
52,2
95,1
59,3
102,3
20,0
34,2
54,3
30,5
56,5
62,5
51,3
56,3
24,0
46,5
90,1
68,4
77,1
59,2
50,4
98,3
63,3
89,1
27,3
38,1
64,4
52,2
78,4
52,2
18,0
79,4
41,0
46,0
8,2
17,2
10,1
80,5
24,2
82,4
95,1
14,2
99,1
14,0
86,1
79,4
87,4
91,5
70,0
63,0
19,3
61,5
30,4
28,5
4,3
57,1
92,2
38,4
63,4
25,2
22,4
98,1
60,4
31,3
28,1
35,2
36,1
55,2
60,2
89,4
15,3
9,2
59,4
9,0
90,3
36,4
88,1
29,2
4,2
50,1
67,2
24,0
43,0
76,2
81,4
48,4
19,3
102,4
96,4
46,2
69,3
31,4
21,3
76,4
10,4
66,1
92,1
37,4
90,5
82,3
21,1
82,1
103,3
97,1
44,3
8,3
16,3
65,3
8,3
4,0
46,4
33,5
61,1
41,3
100,3
75,1
9,1
6,4
105,2
49,0
62,3
40,2
36,1
75,2
31,3
103,3
54,5
74,3
57,3
72,3
35,0
16,0
97,4
73,3
90,1
11,1
74,3
94,1
91,1
75,2
91,1
71,3
86,2
100,4
5,2
6,4
91,5
31,3
77,1
87,5
7,0
25,3
95,1
11,3
47,4
46,1
3,3
55,1
40,0
98,2
82,4
105,3
88,2
96,4
83,0
32,2
84,4
35,3
70,3
97,0
44,2
62,3
59,4
51,2
54,4
10,1
66,1
99,4
96,4
24,4
37,4
73,1
20,2
46,2
61,4
82,4
43,5
64,4
6,4
84,3
38,4
93,4
105,1
39,1
80,2
92,0
62,4
32,1
24,3
83,0
82,3
104,2
96,5
57,4
48,5
89,3
63,2
66,4
56,0
3,3
17,1
81,2
13,2
73,1
97,1
6,4
48,2
38,2
16,5
50,4
47,1
57,3
52,0
84,1
16,1
99,2
65,4
48,3
73,3
95,3
79,1
96,4
39,1
102,3
51,1
50,1
94,3
39,2
14,2
100,2
84,1
70,1
72,5
11,2
97,3
32,1
59,2
74,3
73,3
70,4
89,4
36,2
82,1
4,4
63,5
37,3
44,2
83,3
88,4
74,1
28,2
15,2
34,3
11,0
72,5
95,3
100,1
77,0
74,3
60,0
78,2
21,2
34,4
90,4
39,1
12,2
30,0
29,4
49,3
93,2
24,5
32,4
37,5
2,2
8,4
77,2
15,2
93,4
81,1
55,2
83,2
68,4
77,2
74,4
49,4
8,2
47,1
67,4
42,4
69,4
18,4
61,1
100,2
91,4
11,1
84,2
84,0
75,1
62,1
11,2
19,2
77,3
67,1
102,1
32,1
7,0
72,2
48,4
42,4
62,3
52,4
57,1
24,0
39,3
27,5
99,2
84,1
11,3
62,2
47,1
38,4
85,3
33,3
17,2
52,5
33,3
40,1
87,1
27,1
47,1
57,4
72,3
80,0
76,2
25,3
4,3
7,4
8,4
55,4
82,4
41,5
57,1
88,1
60,4
53,5
78,3
91,5
55,4
30,1
12,5
78,3
88,2
66,2
25,0
86,5
42,1
32,3
33,0
93,0
56,5
51,4
69,4
15,4
11,2
89,0
96,1
76,4
18,0
12,2
100,3
44,4
48,0
40,3
40,1
31,0
106,4
96,0
59,2
92,4
87,1
22,1
95,1
34,4
77,5
22,4
29,0
33,5
48,4
29,4
28,2
21,4
72,0
47,4
91,2
49,0
56,2
0,3
17,0
71,1
6,3
91,2
102,5
64,2
79,5
23,3
35,3
51,4
23,1
45,4
2,4
72,1
98,4
19,0
18,4
37,3
23,4
14,5
10,2
45,3
6,2
12,4
15,1
6,0
41,5
80,3
89,3
58,5
52,4
6,4
83,4
34,4
17,3
80,4
9,3
56,3
67,3
45,1
80,2
69,0
84,4
56,1
82,2
24,1
18,4
93,5
13,2
100,0
93,1
93,2
10,4
53,3
45,2
28,3
34,4
14,2
21,0
66,1
43,4
68,4
103,2
98,0
82,3
38,1
64,3
18,4
14,2
98,2
73,1
33,0
90,1
28,3
21,2
6,1
36,1
89,1
9,2
100,1
76,0
27,2
84,4
12,4
10,0
61,1
89,3
33,2
3,2
92,2
87,0
77,5
11,4
62,4
74,1
18,4
81,4
93,2
60,2
69,0
63,2
51,1
26,3
60,2
11,1
62,2
86,5
79,2
39,2
6,2
20,3
73,1
64,2
27,5
95,0
9,0
23,3
104,3
39,2
88,4
29,1
56,3
18,1
91,1
85,2
36,0
99,5
34,5
59,2
86,4
44,4
71,1
65,4
42,0
71,2
56,0
20,2
24,1
10,1
97,1
88,2
71,2
6,1
32,1
14,1
89,2
40,4
27,2
32,1
27,3
10,3
21,3
78,3
76,1
93,3
66,1
97,0
46,5
49,0
60,4
82,2
58,3
48,5
59,4
100,0
37,4
101,3
102,2
43,4
88,2
16,4
102,5
43,4
32,3
69,4
24,2
72,5
1,1
91,0
46,4
67,0
31,1
90,2
92,1
9,3
95,4
81,0
43,0
24,1
87,1
47,4
71,3
20,4
27,4
14,0
19,5
35,5
14,1
26,3
53,3
74,0
56,4
105,4
85,1
88,3
24,3
3,1
17,4
11,2
13,0
42,2
43,2
74,3
65,1
41,3
7,1
11,1
41,5
44,5
97,3
52,5
83,2
88,1
9,1
5,0
49,5
27,2
95,5
11,1
89,1
10,4
77,0
13,0
21,4
88,4
31,5
75,3
51,1
104,3
26,3
26,5
42,2
57,2
17,4
89,0
94,1
56,3
68,3
99,4
11,3
103,2
98,2
22,4
15,4
99,2
33,0
105,1
96,4
54,2
14,3
95,1
97,1
40,3
51,3
24,1
31,5
96,4
6,1
93,3
48,1
32,4
2,5
7,0
77,4
18,0
85,2
42,0
58,2
16,4
56,4
59,3
30,4
64,2
15,3
72,4
78,1
62,4
93,1
69,1
89,2
57,5
99,3
16,0
86,3
90,3
89,1
3,4
39,4
15,5
31,2
81,1
17,0
78,5
18,2
23,2
68,1
63,1
67,1
6,0
26,1
55,5
37,2
67,3
94,4
96,1
73,0
8,4
85,3
14,4
100,0
59,0
81,0
62,2
15,2
12,4
97,4
93,1
36,3
65,5
89,4
79,1
67,2
85,3
18,3
25,4
16,4
93,4
37,1
5,3
23,4
6,3
23,1
34,2
40,4
45,1
42,5
74,4
77,3
83,1
40,4
23,5
70,3
34,4
31,5
68,4
36,3
84,1
85,2
21,4
54,1
15,3
49,1
11,1
89,1
71,4
28,0
97,5
74,4
86,2
69,2
4,3
53,4
99,3
85,3
83,2
65,2
22,0
23,4
18,2
32,2
80,3
27,1
91,4
63,2
67,3
96,1
80,5
17,0
20,2
80,4
86,5
21,4
76,3
62,3
46,2
91,0
52,4
22,3
89,3
78,3
84,1
31,2
100,2
90,2
7,2
32,4
69,2
55,4
56,5
88,3
59,5
80,0
42,2
93,0
74,5
56,5
25,5
21,4
46,4
71,2
12,4
23,1
83,3
74,1
34,3
40,4
38,1
23,1
42,3
41,3
47,4
52,1
106,4
42,5
36,0
57,2
10,3
70,2
23,1
4,1
97,1
94,2
30,3
37,5
76,3
74,5
99,0
60,4
8,4
58,2
80,1
93,2
69,3
26,2
40,0
23,2
96,1
26,2
19,2
19,2
17,4
19,0
3,2
75,1
32,2
71,5
72,2
84,1
100,1
9,4
67,4
95,0
11,0
38,1
87,3
43,1
28,1
52,3
83,5
63,4
94,0
96,0
16,1
59,3
35,4
31,2
99,3
37,5
67,2
85,4
101,2
22,1
77,1
64,5
12,1
19,1
41,1
93,2
79,1
93,2
40,2
4,3
84,3
94,3
85,2
45,1
47,3
65,5
51,3
77,1
79,3
57,3
11,1
43,3
82,4
90,1
38,3
95,2
44,3
56,1
0,0
52,5
61,5
18,5
58,1
105,3
49,1
17,4
77,2
38,3
107,2
40,4
38,5
27,4
46,2
50,1
38,3
18,4
29,3
57,0
63,4
81,4
70,2
38,1
31,1
8,0
40,2
58,3
28,0
65,0
29,3
45,3
83,4
29,2
36,1
66,5
65,0
27,2
19,2
64,5
100,4
16,5
8,4
10,2
75,0
25,4
84,5
38,3
48,1
91,1
78,3
53,3
27,2
16,1
69,0
5,4
37,1
15,1
39,0
29,1
67,3
67,2
99,4
68,1
81,1
92,1
52,1
89,1
39,2
71,1
61,1
73,1
10,1
18,5
23,3
37,1
59,1
62,4
49,5
86,2
6,1
38,2
20,4
36,2
27,2
17,3
31,5
13,5
102,1
61,3
68,3
26,1
4,1
82,3
48,4
46,1
50,3
79,1
46,4
43,5
36,0
12,5
52,3
30,5
37,5
38,0
35,3
8,1
96,4
95,2
18,5
19,2
24,5
80,4
59,4
19,3
77,4
61,3
33,4
36,1
41,1
17,2
52,4
92,2
84,0
48,1
102,0
103,4
86,1
25,4
18,4
49,2
92,4
61,0
106,3
36,3
51,4
98,2
85,1
95,4
32,5
83,2
53,1
93,1
103,2
6,2
101,1
105,2
31,4
67,4
68,1
93,2
74,2
34,4
101,4
56,5
104,5
95,3
73,2
74,3
101,4
71,4
9,4
1,1
77,1
32,5
77,1
58,4
35,3
98,4
44,2
20,4
105,1
46,4
89,5
46,4
75,3
13,4
88,5
53,4
70,2
22,4
97,2
105,1
9,0
87,0
31,4
6,4
72,4
76,5
35,2
96,1
66,2
85,4
91,4
19,3
21,1
77,3
40,3
4,2
32,1
24,3
20,0
73,1
31,4
35,0
102,3
50,3
50,3
86,3
60,5
65,2
90,3
64,0
10,5
51,4
62,0
86,3
18,1
46,1
102,2
64,0
31,3
106,2
18,2
12,1
77,5
66,4
46,0
22,3
62,2
22,1
73,5
60,3
30,2
17,4
63,2
62,2
86,2
29,4
72,1
34,2
77,4
10,2
86,1
61,2
58,1
86,3
56,0
10,5
48,1
61,2
30,1
64,4
16,1
48,5
63,2
74,3
8,2
72,1
19,1
54,1
35,3
90,2
79,2
40,0
31,4
58,4
98,2
57,4
13,3
72,0
33,1
86,4
6,2
97,1
18,2
77,3
65,1
38,2
87,2
73,1
79,1
39,0
99,3
73,5
49,2
102,1
36,4
20,4
64,1
90,4
35,0
61,1
32,0
47,3
98,3
56,1
47,1
78,1
45,3
7,2
19,2
18,2
70,3
88,3
98,2
31,2
89,4
15,3
63,1
57,0
31,1
11,1
93,0
32,4
62,2
83,1
78,4
25,3
96,2
98,2
36,1
21,4
9,3
23,1
80,2
56,3
53,4
34,3
104,2
20,2
15,3
96,1
101,0
71,3
99,4
51,3
85,1
71,4
93,4
22,4
47,1
97,4
45,1
55,4
28,5
51,4
78,3
10,3
55,3
49,4
47,1
17,2
11,1
36,1
87,1
13,2
7,3
89,1
22,3
31,0
84,2
42,5
30,4
80,2
100,5
100,3
22,5
47,2
85,3
63,0
8,0
27,1
6,0
102,1
64,3
71,1
83,3
88,2
65,3
46,1
97,4
82,3
14,2
68,2
39,2
90,2
39,3
31,4
59,4
87,1
43,4
89,1
29,4
29,2
60,5
48,3
19,2
90,1
25,3
0,0
41,4
44,3
98,0
74,2
57,1
89,4
45,5
56,1
24,3
98,5
68,4
87,3
75,3
37,2
56,4
70,2
44,3
23,3
85,0
95,3
88,2
29,1
87,4
5,5
16,2
90,2
19,4
70,4
67,5
69,1
59,3
39,0
91,2
24,2
74,4
93,0
68,3
75,2
48,3
84,2
23,3
66,3
11,0
98,5
30,1
6,2
8,4
70,2
101,3
46,4
83,3
96,3
96,1
16,4
40,3
93,4
54,1
76,3
43,2
65,1
9,3
78,2
93,2
12,1
101,2
59,2
84,1
19,5
11,5
26,4
53,2
66,1
73,2
74,2
13,0
42,3
80,2
84,4
43,2
94,5
23,4
95,3
90,5
21,1
67,2
29,4
9,1
12,1
106,5
33,4
84,3
78,4
8,0
104,2
46,1
57,2
13,4
79,4
27,3
97,1
52,0
95,2
20,2
84,1
62,1
6,1
24,5
47,1
50,1
75,3
63,3
45,4
27,0
81,2
25,3
95,4
21,1
71,2
90,0
38,1
42,5
51,2
48,2
96,4
11,0
61,3
71,4
14,2
41,3
69,1
73,2
40,2
33,2
83,1
73,2
50,2
16,4
24,2
21,5
74,1
12,4
8,3
57,2
94,4
16,3
79,5
50,1
102,2
38,1
86,5
30,5
65,1
58,3
16,4
48,3
9,3
52,0
45,3
101,4
27,4
58,3
65,2
44,1
83,1
84,1
95,1
60,0
77,0
58,2
43,3
93,3
18,0
12,2
43,3
55,3
82,4
83,0
101,2
82,1
53,5
78,2
12,2
93,4
36,2
77,5
85,2
44,1
14,1
7,4
83,4
53,3
51,3
50,1
100,0
12,1
23,4
65,2
70,4
19,5
45,3
4,3
3,4
22,1
88,2
17,2
76,4
25,4
16,2
25,1
68,1
98,4
3,1
14,1
72,0
91,3
38,5
56,3
105,3
90,4
70,1
23,4
9,0
31,0
80,1
46,4
8,3
25,1
44,2
60,4
96,0
54,1
82,4
58,3
88,1
32,0
84,3
29,5
58,3
70,3
94,1
50,4
90,4
59,3
67,1
53,1
31,2
48,5
33,1
32,4
17,2
72,1
102,5
63,5
3,3
50,0
45,5
97,2
23,5
69,5
80,4
94,1
46,3
94,2
88,5
3,4
86,4
59,2
20,5
98,1
47,2
57,2
53,2
26,3
38,1
43,1
102,5
51,4
71,1
70,4
39,3
91,4
50,1
81,4
73,2
10,3
51,2
17,3
37,3
77,1
60,1
11,3
91,4
72,2
12,3
40,3
32,5
67,1
83,1
22,4
6,4
44,4
74,5
91,2
97,1
82,1
12,3
102,2
83,2
84,4
53,4
62,3
83,4
28,1
39,5
60,2
31,3
44,5
55,1
73,3
37,2
51,4
88,5
63,5
75,1
77,0
14,1
92,5
100,3
82,0
105,3
44,1
34,2
27,3
99,5
66,3
26,2
105,3
63,2
50,2
104,2
41,4
27,4
61,2
31,1
72,2
47,3
67,3
51,1
23,1
36,3
71,4
103,4
42,3
6,0
86,5
11,4
97,3
69,3
34,3
37,3
17,4
74,1
26,2
14,3
16,1
83,5
64,4
47,3
71,4
25,0
94,1
100,0
17,3
22,4
87,3
99,1
65,2
50,2
28,4
96,5
28,1
28,0
40,2
35,4
69,1
23,1
27,3
65,5
74,5
47,4
48,5
32,4
91,2
18,3
57,4
99,2
14,4
9,4
100,2
87,3
86,1
13,1
69,2
34,1
14,3
36,3
75,1
61,2
94,0
45,4
86,4
77,4
31,3
55,0
90,0
31,5
48,4
11,4
88,3
91,2
45,3
41,1
64,4
94,0
16,0
66,2
45,4
85,4
100,4
17,1
49,4
42,2
42,1
99,5
69,3
76,3
89,2
74,3
32,4
9,4
103,5
68,5
96,2
68,4
60,3
80,1
32,1
34,2
32,3
10,0
84,2
23,4
9,5
90,4
25,3
27,2
35,5
95,4
67,0
9,2
61,4
46,0
9,2
83,3
84,2
14,0
9,5
57,1
11,2
20,3
78,5
5,5
83,1
89,3
36,1
103,3
10,0
8,2
100,4
47,4
45,3
66,4
6,2
18,5
30,4
99,5
41,5
64,1
22,4
68,3
97,4
23,1
40,4
81,1
2,3
19,4
88,2
17,4
54,1
25,0
77,0
56,3
67,1
20,5
17,0
43,2
60,3
56,3
49,3
5,2
17,3
6,3
50,1
79,2
13,3
74,2
18,3
9,1
72,0
93,5
33,0
35,4
23,0
64,1
17,0
55,3
78,0
92,1
7,3
12,0
57,2
58,4
18,1
64,0
4,3
67,4
44,4
86,4
35,1
61,1
71,2
62,2
83,4
86,2
54,2
99,4
83,3
97,2
14,3
7,0
34,5
67,2
75,1
60,0
39,3
43,1
43,0
64,2
46,3
33,4
29,3
33,4
35,5
73,2
77,3
97,5
83,5
39,4
15,1
74,2
93,0
34,4
59,2
44,1
77,3
35,4
29,2
82,2
41,1
88,4
75,4
63,4
13,3
56,4
35,3
71,0
64,2
92,4
86,4
94,1
26,2
82,1
53,2
99,2
102,1
23,1
79,3
65,0
43,1
79,4
94,2
56,3
51,3
79,3
75,5
76,3
69,2
75,3
40,1
5,1
97,4
64,4
95,2
55,1
40,2
50,1
11,1
74,1
70,2
66,0
25,2
66,2
73,5
16,1
32,1
18,2
27,3
21,3
52,3
71,0
31,4
14,3
21,4
88,1
51,0
41,5
23,4
100,2
11,4
81,3
69,1
75,1
88,2
71,4
49,4
60,3
37,2
14,4
39,1
69,3
77,3
64,5
61,0
76,0
21,4
7,3
2,5
90,5
78,4
91,3
26,5
83,3
18,5
69,5
21,3
9,4
30,1
64,4
28,1
43,5
19,0
53,3
56,2
62,0
66,0
19,2
93,2
95,4
96,0
98,1
83,1
16,1
32,0
22,5
70,0
44,4
50,3
102,0
93,2
72,0
61,5
31,2
7,4
13,2
61,0
28,3
84,4
44,1
98,4
51,0
23,4
97,1
59,3
61,1
63,3
98,3
24,1
61,3
17,3
5,2
28,4
78,0
57,2
38,1
68,3
33,2
38,2
62,3
11,2
64,3
80,5
93,0
70,4
31,2
72,5
90,3
77,1
19,5
36,2
31,4
88,2
98,4
46,3
56,0
80,3
38,4
73,3
41,2
85,2
15,3
39,4
15,2
84,4
58,4
44,4
85,4
82,0
52,2
38,4
66,3
82,4
29,0
16,0
8,4
26,5
100,1
31,4
99,3
66,2
96,1
66,0
59,2
24,3
13,4
10,2
29,3
19,2
72,4
65,2
23,3
34,5
11,5
5,3
16,3
30,2
73,0
68,0
37,2
49,5
93,5
73,2
40,5
43,2
106,2
42,3
74,5
92,5
17,0
13,4
48,2
77,4
15,3
103,4
19,1
100,1
11,0
24,1
9,2
49,5
57,2
38,1
60,0
29,0
30,4
37,3
68,0
41,2
71,0
11,1
92,1
80,2
21,1
103,2
57,1
44,4
0,4
77,1
5,3
102,3
64,2
15,3
36,5
100,1
18,5
21,1
47,3
79,3
53,1
58,3
18,0
41,5
14,2
42,4
8,3
47,4
7,3
50,1
38,3
80,2
52,0
71,1
17,3
18,3
16,1
10,4
23,5
56,3
75,4
45,5
23,1
102,0
88,5
36,1
44,2
53,4
29,0
106,0
63,4
83,0
35,1
86,1
73,2
21,0
32,2
19,4
40,1
43,1
61,2
106,5
53,1
58,1
99,3
62,5
78,2
23,5
88,1
7,4
71,1
48,4
85,4
38,1
81,5
57,0
34,2
91,4
20,3
7,2
2,3
26,2
25,4
21,0
63,3
94,3
69,3
64,5
43,1
50,5
29,0
78,3
49,3
29,1
16,2
57,3
77,2
51,3
74,2
12,1
76,1
99,1
18,1
101,5
96,3
40,4
54,0
68,1
6,0
78,1
3,1
69,1
71,5
24,3
53,2
9,3
95,2
37,1
35,2
20,0
87,4
34,4
62,3
37,5
34,5
77,1
80,3
56,2
90,1
24,1
63,1
54,1
61,2
47,1
48,3
19,0
13,2
35,2
98,4
41,1
77,3
48,1
40,1
11,1
59,0
90,2
8,4
82,5
14,3
37,2
79,4
92,0
29,2
80,2
36,3
60,0
26,1
88,5
10,4
68,2
77,1
100,3
31,1
35,4
51,0
84,3
33,1
5,4
86,4
58,0
29,0
24,1
93,5
43,2
14,3
13,3
80,2
26,2
42,2
97,4
71,5
23,1
9,1
34,1
14,5
79,3
51,2
90,2
47,2
68,1
38,0
21,4
99,1
54,2
23,2
55,0
45,1
98,4
7,4
17,4
63,2
27,3
74,3
66,1
77,2
22,5
17,4
35,4
84,4
83,1
11,3
52,5
61,3
80,4
34,1
83,1
31,3
61,3
76,2
22,2
58,3
36,0
87,4
14,4
18,4
26,1
21,5
26,5
85,5
100,1
99,0
77,4
92,0
100,5
102,2
34,3
46,3
18,4
58,2
48,4
88,4
54,4
17,4
70,4
26,2
11,1
61,3
86,4
58,4
76,4
57,4
63,3
76,3
14,2
72,4
26,2
25,3
47,1
44,2
103,5
82,5
87,3
77,3
80,1
51,2
62,1
51,4
50,1
74,5
80,4
6,1
48,3
48,0
13,2
3,3
13,3
36,5
99,2
2,3
39,0
81,4
82,0
101,1
53,4
19,4
87,0
52,1
99,2
95,1
38,2
97,0
94,5
90,1
93,0
13,0
75,0
44,1
6,3
78,2
94,2
49,5
80,3
17,3
25,2
20,4
66,1
36,1
44,3
15,0
20,4
59,4
77,0
95,4
13,5
51,2
7,2
41,1
22,4
18,1
90,4
7,4
37,1
99,5
21,0
7,2
96,2
11,4
73,4
103,0
34,1
70,3
37,2
42,2
17,2
25,1
47,2
80,1
45,1
51,5
67,0
33,3
62,0
17,2
40,3
53,4
53,1
84,1
55,3
33,0
78,3
49,3
83,5
9,4
91,1
80,4
74,4
104,5
101,5
98,3
40,1
49,3
90,4
35,3
14,3
12,4
54,4
15,0
33,4
40,3
22,1
50,5
20,4
55,4
70,4
77,2
103,3
80,3
95,3
41,1
11,2
53,4
14,4
91,3
26,3
58,0
81,5
53,3
40,1
69,5
11,2
70,2
81,1
41,3
19,5
3,1
76,1
25,0
104,3
52,2
68,2
12,3
77,3
23,4
73,3
35,4
38,2
88,1
50,4
88,4
79,1
38,2
34,4
75,4
41,1
42,3
27,0
99,2
40,3
100,0
68,2
96,3
31,2
61,3
67,4
33,1
48,4
3,4
72,2
45,2
40,2
18,0
91,3
77,4
81,0
100,3
55,4
60,4
24,4
13,0
20,1
43,3
34,2
29,2
64,3
67,1
38,4
6,4
30,3
14,0
17,1
89,1
58,2
86,1
89,2
13,3
13,3
11,2
33,3
41,3
35,3
46,1
31,3
98,0
76,4
64,5
50,3
89,3
67,2
31,0
74,0
89,4
19,1
82,3
17,4
91,2
73,2
6,3
95,4
23,3
53,0
70,3
97,1
32,5
86,4
45,4
15,0
75,3
71,4
93,1
50,4
21,4
95,5
67,5
81,2
67,3
90,1
33,2
89,1
38,3
47,2
33,0
39,3
46,4
99,5
44,4
89,3
57,1
39,1
106,2
68,5
94,1
27,1
101,3
54,3
101,1
100,3
63,2
64,2
85,2
36,4
97,4
52,0
10,4
75,0
6,1
48,1
6,2
48,4
36,4
14,0
51,1
3,1
74,1
97,2
82,4
8,5
1,4
100,4
11,2
34,4
6,5
72,4
57,5
34,3
23,2
21,4
90,1
80,2
11,1
15,3
95,2
83,1
73,0
35,4
86,5
92,3
62,1
56,1
36,2
27,5
89,3
77,3
30,1
12,2
37,4
76,0
65,1
43,1
88,1
59,0
28,0
12,1
100,2
5,2
29,4
35,4
99,2
29,0
20,4
91,2
52,3
10,3
71,0
78,1
33,4
51,3
32,3
79,1
92,5
96,2
17,3
99,1
29,4
34,3
29,4
83,2
96,5
7,3
69,0
35,2
78,2
58,0
80,1
108,1
65,3
104,2
103,5
9,1
35,0
100,0
57,1
67,4
63,1
28,4
36,4
39,3
106,2
47,4
40,1
6,3
54,3
9,2
11,4
53,5
99,4
76,3
34,3
16,1
96,2
19,4
70,1
101,1
6,5
17,2
72,0
34,5
102,4
46,4
73,3
97,2
6,2
83,2
26,5
10,3
22,1
11,1
50,1
62,4
50,2
36,3
29,1
63,3
7,1
40,0
92,1
12,2
52,2
97,1
8,1
39,1
35,2
68,5
53,2
29,4
35,4
6,3
102,3
10,1
9,4
105,2
40,0
49,1
29,2
12,1
97,2
83,4
55,4
10,2
87,4
27,1
53,2
100,2
35,2
95,0
12,3
45,2
17,3
7,2
31,1
81,5
78,3
51,2
61,0
10,2
44,0
12,2
80,4
3,3
56,3
36,0
103,4
25,4
73,4
73,4
39,1
24,1
41,1
2,1
42,4
15,2
73,2
79,5
7,3
14,1
99,2
8,3
78,5
14,3
28,5
62,3
10,1
87,2
56,4
61,2
65,4
90,1
85,5
60,0
49,1
38,4
71,4
102,0
82,5
92,3
24,3
61,4
73,4
70,1
78,0
16,1
76,1
49,5
10,2
35,5
49,1
99,4
16,2
82,5
19,3
71,2
91,1
47,4
80,1
47,0
53,2
37,0
100,2
32,2
40,5
71,5
64,1
67,1
15,2
69,3
11,3
8,3
57,0
83,4
89,1
23,1
8,4
8,0
49,5
45,3
67,0
12,4
47,2
75,3
54,2
59,4
18,0
43,5
87,2
92,4
68,3
103,1
86,3
70,5
43,2
85,2
34,4
59,4
101,3
94,0
78,2
1,4
26,4
32,2
12,4
48,4
15,1
54,0
67,2
82,0
85,4
14,4
43,5
60,3
90,1
43,3
50,4
83,2
98,2
61,4
10,1
9,3
11,4
85,2
43,1
72,4
51,3
49,1
94,3
67,0
62,0
46,4
72,3
51,3
67,2
76,3
60,2
95,0
102,0
44,3
81,2
58,1
8,4
105,2
51,3
69,2
47,5
29,4
87,5
19,3
6,3
18,4
39,1
53,2
17,2
36,3
60,0
77,4
25,1
73,4
78,5
52,4
44,5
53,4
40,2
39,1
75,5
78,4
95,3
55,5
33,2
88,0
47,4
37,5
99,3
49,1
3,3
39,3
68,1
46,4
57,4
70,5
86,2
22,4
35,1
14,4
36,1
43,3
75,2
34,3
93,3
11,0
47,3
6,4
12,3
56,4
88,0
13,1
32,3
67,2
48,3
2,2
95,3
72,2
51,4
76,4
23,5
84,2
56,1
41,4
33,2
94,3
11,1
60,1
48,2
40,0
72,0
58,5
100,1
53,3
16,1
63,3
13,0
69,2
5,1
63,2
62,2
50,0
58,4
31,4
6,1
71,3
69,0
94,2
74,4
43,2
72,3
8,4
47,2
24,4
95,1
29,1
53,1
21,4
60,5
49,1
42,1
57,0
86,0
51,2
89,4
10,3
60,5
70,4
59,1
21,4
87,3
74,2
27,2
68,1
70,2
62,1
48,1
32,0
7,3
51,3
44,2
8,5
74,2
4,1
30,4
20,1
27,5
76,3
14,4
7,4
23,0
80,2
68,4
9,3
29,0
9,4
51,5
12,3
23,3
63,3
4,5
44,0
45,4
9,4
95,1
67,2
34,0
80,2
70,1
71,2
61,3
58,5
56,4
34,3
73,4
67,5
51,0
11,2
33,4
40,2
65,4
57,1
24,4
14,3
71,0
98,4
90,3
59,3
11,5
41,2
80,1
79,1
22,4
38,0
11,2
19,1
101,1
63,0
18,4
23,1
89,1
18,2
10,1
4,4
87,3
60,4
78,0
54,3
96,4
72,3
50,4
96,2
96,1
2,4
66,3
68,0
25,3
31,0
62,1
21,1
67,4
74,0
68,2
38,3
90,5
29,3
96,3
78,2
38,5
86,0
63,0
69,0
74,1
43,3
41,5
9,2
26,0
38,4
7,3
55,2
17,5
31,5
29,2
78,4
37,1
98,1
44,2
36,5
4,2
83,3
84,5
20,2
65,1
48,0
29,4
19,4
43,3
4,0
9,5
19,5
75,3
21,2
13,3
52,5
93,2
87,3
37,2
11,3
11,4
96,4
88,2
72,3
10,4
97,4
37,1
87,4
47,3
50,5
70,3
63,0
11,1
72,1
66,0
29,3
59,4
63,3
36,4
10,0
74,4
30,0
69,2
79,3
11,1
66,5
10,4
48,2
87,1
59,1
44,2
71,4
12,4
32,4
6,2
75,1
13,0
36,1
87,4
52,5
69,2
70,0
67,3
42,2
36,0
102,2
50,3
61,3
56,0
26,2
39,0
26,1
99,1
97,4
29,3
61,1
64,1
28,3
53,2
93,2
89,2
8,0
73,2
94,0
41,0
6,4
95,3
103,4
18,5
39,4
14,3
56,4
29,3
9,3
82,3
94,2
41,3
45,0
96,0
88,4
93,5
39,2
20,4
14,1
43,4
51,1
59,2
73,1
77,1
66,3
78,3
58,4
22,1
52,4
94,1
92,2
62,5
78,3
96,3
13,1
35,5
27,1
102,1
2,3
97,3
50,2
57,3
70,0
36,2
94,4
54,5
90,4
22,3
19,3
61,5
49,5
39,3
57,0
56,1
31,0
64,2
69,2
34,2
94,2
90,3
84,5
46,0
86,1
57,3
10,2
42,0
69,0
80,2
28,2
53,1
93,3
39,2
59,0
56,3
20,2
62,0
27,4
92,4
62,1
41,1
63,4
54,0
42,3
94,4
95,1
55,3
35,2
67,1
69,3
61,4
24,2
58,1
43,4
45,3
20,2
17,4
37,4
23,2
105,4
4,4
77,0
48,3
43,2
63,5
32,1
92,1
71,4
38,5
14,3
71,3
54,4
27,3
30,1
66,4
91,1
71,3
93,1
51,1
35,2
40,2
107,2
62,2
37,0
24,4
10,1
100,4
44,3
89,5
10,0
95,0
16,2
69,2
67,1
8,1
77,2
10,3
63,1
23,4
54,3
47,1
17,4
17,1
87,2
57,5
61,1
83,5
46,0
104,2
5,0
61,1
7,2
78,0
6,2
26,1
53,0
11,4
18,4
10,3
81,5
101,0
87,4
57,3
8,1
84,2
58,4
96,1
11,1
61,4
9,1
5,2
78,0
43,2
11,1
24,3
71,2
18,5
66,1
71,3
69,4
61,2
45,1
63,1
80,3
92,4
98,1
29,1
80,0
66,3
41,2
32,1
59,0
16,4
51,2
37,3
49,3
53,0
70,3
48,1
38,5
28,5
49,0
105,5
21,2
23,5
94,3
35,3
35,0
10,2
92,0
14,3
7,1
10,4
55,4
17,2
69,1
38,1
56,2
74,0
24,4
64,3
104,3
79,2
22,0
98,3
26,2
10,4
63,4
8,3
9,2
10,0
76,4
33,3
26,2
82,3
79,4
83,2
39,4
95,4
82,2
85,2
91,1
20,1
70,3
18,2
75,1
108,1
17,1
82,4
39,4
27,5
22,3
92,4
73,2
85,0
38,2
65,3
18,3
80,1
9,0
58,2
17,3
35,1
48,1
55,2
47,4
2,2
75,3
2,5
18,3
29,2
100,3
49,4
24,1
94,2
10,3
61,4
85,4
94,2
67,1
16,5
52,3
71,5
12,3
31,4
69,3
30,2
52,2
55,3
90,1
81,2
36,1
6,3
83,1
1,3
19,2
39,0
38,4
74,1
31,3
49,1
64,5
81,2
12,4
30,1
87,4
37,1
42,1
12,1
65,2
87,0
16,2
55,0
64,5
99,0
51,3
50,4
92,2
34,1
72,4
29,4
98,4
19,4
26,1
10,2
44,4
36,3
32,5
86,0
45,1
3,2
96,1
95,4
38,4
50,2
88,2
64,2
79,1
75,1
93,3
93,3
44,4
50,2
60,2
44,4
33,2
79,4
23,5
37,4
8,2
45,3
46,4
12,4
42,1
64,2
105,3
9,2
4,4
18,3
7,3
64,1
20,4
97,2
44,0
51,4
0,3
63,0
59,1
88,3
74,4
67,2
69,5
101,2
20,4
56,3
39,0
92,2
90,3
31,5
37,3
41,1
13,4
26,5
40,2
61,5
79,1
28,2
95,5
7,5
54,3
28,4
70,1
45,3
4,1
60,1
79,3
79,1
58,1
35,1
24,3
67,3
42,4
9,1
84,2
32,4
46,5
49,1
84,4
36,4
59,0
53,5
49,0
31,3
88,1
58,4
31,4
77,0
71,4
22,4
73,4
73,1
82,2
104,5
83,1
6,5
80,3
46,0
47,3
55,1
2,4
17,2
77,4
45,3
53,1
90,2
49,3
76,4
54,1
44,1
37,0
7,4
75,3
42,3
102,2
68,2
47,1
83,2
44,2
33,3
3,2
48,5
42,3
44,5
44,1
81,4
42,4
47,3
82,2
92,0
43,0
81,3
49,3
93,2
73,1
72,2
48,0
8,3
23,4
25,4
50,0
90,4
100,0
80,3
8,5
87,3
107,4
58,1
62,5
37,2
87,3
11,4
76,5
49,2
34,3
55,3
65,1
83,1
76,4
55,3
86,5
72,4
53,4
7,4
63,1
90,2
91,0
73,2
19,3
45,3
73,3
101,2
89,4
23,4
15,1
47,1
69,4
102,0
32,0
29,0
86,2
71,5
93,1
5,2
38,3
48,3
51,3
57,5
98,3
86,2
62,3
88,1
52,2
47,2
101,5
8,4
62,2
51,2
21,3
19,1
59,1
89,3
72,4
25,5
62,1
29,4
49,4
89,1
72,1
18,2
101,2
26,1
93,2
91,1
61,1
4,1
22,2
16,1
50,4
78,3
10,0
68,5
100,2
50,0
96,2
95,4
15,5
77,4
48,1
13,3
48,1
23,4
59,0
41,4
40,3
35,2
81,2
37,3
3,4
87,2
39,0
36,3
8,4
33,0
51,4
94,1
10,2
101,2
59,1
51,2
46,2
90,4
41,5
60,2
87,1
48,3
100,2
70,3
45,3
45,4
13,5
87,1
33,3
25,5
56,3
91,1
72,2
98,1
82,5
41,0
86,2
13,2
70,2
54,4
92,1
52,2
93,1
28,1
18,4
3,2
53,0
57,4
50,3
11,2
35,4
47,1
42,3
11,2
34,4
36,3
52,4
59,2
25,3
13,0
46,4
63,2
98,2
66,1
24,3
97,3
13,0
8,4
72,1
75,1
40,4
82,4
79,2
49,1
30,1
92,3
58,2
29,0
43,2
14,4
86,4
51,2
43,0
32,1
37,1
28,4
27,1
38,3
105,5
92,4
92,5
101,0
97,2
47,2
84,4
26,5
101,1
35,5
59,0
22,1
84,3
11,0
13,0
66,3
78,0
58,0
66,1
47,4
44,5
90,3
72,3
43,4
85,4
44,1
53,4
75,0
10,2
40,2
99,5
83,3
42,1
94,5
27,3
7,4
38,0
66,2
43,3
39,2
92,4
90,2
51,4
74,0
59,2
77,0
94,4
9,2
25,3
89,0
96,2
93,3
69,3
27,2
80,4
95,3
67,1
71,4
104,3
32,0
72,2
59,3
73,5
8,1
30,4
70,3
82,1
75,5
71,2
78,0
33,3
55,1
50,2
7,4
37,1
12,4
63,2
51,3
14,3
17,3
63,5
71,5
15,3
12,0
89,2
39,3
1,5
26,5
28,2
37,4
88,3
98,4
32,1
103,5
56,5
35,2
62,2
64,4
103,1
90,2
48,3
8,4
4,3
61,0
82,2
68,4
68,2
81,2
61,4
91,1
94,3
89,4
104,2
67,3
84,1
87,1
12,1
93,2
47,4
85,1
40,4
40,2
85,4
4,5
10,1
48,3
65,3
69,2
27,1
59,4
105,2
56,3
26,0
80,2
81,5
28,4
72,1
16,2
87,5
12,0
31,2
43,3
38,3
40,2
75,0
103,2
94,4
64,1
50,4
32,1
97,5
93,4
71,4
83,1
93,4
43,1
33,5
50,1
48,2
56,1
14,3
25,2
84,1
31,3
40,5
95,1
3,5
53,4
81,3
105,3
12,1
32,4
58,3
91,3
69,2
102,2
58,1
73,3
87,3
77,5
45,4
74,4
63,1
42,4
27,4
42,3
92,5
91,2
102,0
68,3
3,4
97,4
48,5
8,3
71,2
39,2
69,2
58,2
58,4
93,0
68,0
12,3
67,0
84,3
25,1
80,0
90,4
77,0
70,4
42,2
32,3
59,3
37,3
87,3
26,2
61,0
74,4
77,2
95,1
78,4
30,0
71,2
72,5
57,1
20,4
80,2
47,3
90,0
69,5
96,4
9,4
54,2
93,1
63,4
64,3
62,1
49,3
22,0
43,4
57,3
68,4
85,5
40,3
74,2
43,2
3,4
88,3
43,1
98,3
34,1
95,5
49,4
28,2
73,0
60,4
28,4
60,3
30,2
66,2
105,0
52,5
33,2
33,0
78,1
74,1
86,3
98,4
7,1
56,2
36,2
46,1
50,1
24,4
33,3
14,3
80,4
49,4
9,1
100,3
95,1
55,1
70,3
23,5
1,3
25,2
95,2
87,4
64,1
36,2
12,4
44,1
80,1
39,2
26,4
52,2
57,0
87,5
68,3
7,4
25,1
26,0
69,3
14,4
44,2
16,1
76,1
30,4
33,1
87,1
64,3
37,4
91,1
76,2
10,5
24,3
89,4
66,5
59,2
28,0
48,0
80,1
21,2
42,2
64,4
89,4
46,0
38,3
76,3
73,0
31,1
41,2
86,4
72,2
16,4
45,1
12,1
26,2
19,4
91,1
69,3
28,1
56,2
16,3
51,2
44,3
35,4
43,4
63,4
16,3
78,3
95,0
34,2
37,1
93,2
33,1
37,2
73,1
24,3
49,1
42,1
33,4
15,1
3,2
75,4
40,1
44,2
45,1
0,5
28,3
52,3
45,2
56,3
14,2
16,3
28,4
26,5
57,2
95,5
25,4
82,4
47,0
34,2
3,5
59,3
75,3
65,3
24,2
93,4
72,4
69,4
10,1
51,2
107,5
96,3
0,3
76,2
13,2
32,3
92,1
50,3
70,2
28,3
58,2
54,3
27,4
84,1
30,0
16,3
72,1
44,5
2,1
58,2
53,2
6,4
57,2
17,3
13,0
50,1
76,2
54,4
12,5
19,1
23,2
68,1
23,1
73,2
56,4
6,2
34,3
59,1
72,5
93,1
32,1
23,4
27,5
56,3
9,1
11,4
103,1
68,3
95,2
103,5
84,2
83,4
72,1
82,0
78,1
91,5
17,4
42,1
53,3
6,4
32,1
35,1
12,1
50,0
73,5
92,1
83,0
26,5
75,3
88,3
73,3
42,2
38,4
37,4
84,1
81,1
91,3
67,4
44,3
9,3
47,2
70,1
13,2
66,1
49,2
12,3
11,0
82,3
23,2
45,2
75,5
65,2
42,1
45,2
17,5
45,3
22,1
66,0
7,1
83,4
60,3
61,3
40,4
1,0
37,4
39,4
16,3
50,4
17,0
10,0
70,5
46,3
44,4
63,1
70,1
82,2
36,3
81,1
99,1
28,1
33,1
52,3
10,4
30,4
57,2
29,5
19,4
87,3
14,1
35,0
17,5
65,1
73,4
94,3
99,1
45,5
97,1
29,2
86,5
80,0
34,2
7,2
49,0
79,3
24,4
74,3
50,5
85,1
103,5
76,2
22,1
65,1
9,4
100,1
99,1
17,3
41,4
62,1
72,2
39,5
103,2
3,4
32,2
87,0
90,4
66,2
77,1
49,2
22,0
70,2
9,1
91,3
30,2
73,3
100,2
62,5
95,5
34,3
95,2
102,5
22,3
93,5
18,5
75,2
10,4
94,3
26,4
59,5
13,1
65,1
91,5
28,5
31,2
94,3
84,4
22,1
69,1
12,0
82,2
58,4
46,4
78,3
39,3
77,1
63,5
98,3
28,2
86,2
53,3
23,0
9,3
84,1
82,2
14,4
71,2
66,2
67,1
37,2
103,2
14,2
96,1
64,1
50,5
86,3
63,3
93,1
50,3
59,2
15,3
22,2
67,2
14,5
79,3
51,3
16,3
28,4
36,0
97,3
100,1
17,1
71,4
61,5
80,3
64,2
56,3
101,2
104,2
37,5
50,2
93,1
12,3
20,3
64,3
105,4
16,0
22,0
39,2
79,4
58,3
67,2
65,4
63,4
105,3
73,4
62,4
21,2
11,4
9,3
12,3
98,2
54,4
45,2
91,2
49,3
54,2
20,5
98,0
99,1
62,1
60,1
63,2
39,4
12,5
94,2
37,0
89,3
13,4
11,1
29,5
74,2
102,5
82,5
41,4
62,3
67,3
29,4
21,0
18,3
44,4
82,2
15,2
104,4
101,2
62,1
61,3
7,1
80,4
32,1
9,0
36,2
66,3
51,4
32,1
52,3
32,2
61,3
49,1
102,1
13,0
54,3
47,0
66,1
6,5
31,3
39,1
53,1
26,1
12,0
12,4
30,4
30,3
20,1
94,4
28,5
17,3
68,1
37,1
65,1
82,2
92,3
62,1
26,3
54,4
60,4
99,4
54,1
33,5
15,4
97,0
71,2
14,0
81,1
53,2
32,5
14,0
64,3
54,0
43,1
35,4
62,3
69,3
7,4
22,1
51,5
58,3
17,3
58,0
16,5
75,2
49,4
89,2
55,0
88,5
89,1
101,2
60,4
88,3
92,1
37,5
12,5
26,3
9,1
27,0
48,5
90,2
21,2
38,4
97,3
75,3
0,4
30,1
48,2
94,3
3,4
99,5
12,3
89,5
31,1
45,2
73,2
5,2
82,1
63,3
17,1
12,1
81,1
93,3
11,1
41,5
107,1
93,1
67,5
60,2
58,5
26,2
36,3
44,4
75,2
53,5
21,1
4,5
94,2
82,1
56,2
96,3
22,2
55,5
20,1
55,4
77,0
67,4
101,4
25,0
79,0
28,1
94,1
95,3
73,4
79,4
49,2
47,3
85,0
41,2
11,4
29,3
20,3
62,4
71,3
69,2
61,3
44,3
92,1
72,4
13,1
32,1
98,3
71,1
34,2
27,4
60,1
14,1
52,1
58,0
98,0
45,1
31,2
102,3
47,0
81,4
16,2
47,2
32,4
68,3
86,5
83,1
19,1
81,1
81,5
98,3
52,2
71,1
100,3
40,1
67,0
22,2
82,1
26,1
46,2
30,0
5,2
16,4
100,3
87,2
105,4
91,3
41,3
85,3
5,4
61,1
105,3
55,4
83,4
35,3
14,3
16,0
32,1
103,1
91,3
58,4
20,3
56,3
40,0
73,0
58,2
39,3
19,1
85,2
48,0
60,5
5,3
106,2
23,2
25,1
62,3
76,0
2,5
96,2
74,1
102,1
47,3
85,1
108,5
97,0
92,1
25,1
89,3
47,0
77,3
44,3
90,0
53,3
15,1
7,3
78,2
30,3
76,5
29,4
78,1
37,3
1,2
72,4
60,3
20,1
27,5
89,3
63,5
96,2
65,3
12,3
85,2
44,4
97,2
72,1
29,3
16,4
60,1
10,5
93,3
39,2
7,3
65,2
102,3
91,2
66,4
99,0
82,4
38,4
100,1
59,4
4,2
87,0
10,0
59,1
78,0
72,4
21,3
68,1
85,3
64,5
54,4
26,2
12,1
72,2
80,2
14,0
90,3
73,3
21,3
11,4
63,3
5,1
78,3
69,2
88,3
33,5
67,1
36,3
35,2
88,5
80,3
33,3
25,1
94,5
74,1
100,4
64,0
23,2
69,1
55,4
69,3
6,0
51,2
56,2
64,0
59,2
82,3
66,3
27,3
43,0
14,0
48,3
34,1
75,3
96,1
24,2
57,1
14,3
89,2
8,1
31,2
41,3
54,4
51,5
106,0
18,2
46,3
42,1
10,2
96,4
77,3
30,0
71,2
72,4
71,1
1,1
98,3
14,5
75,0
12,3
24,2
24,5
7,5
77,1
76,4
48,2
105,3
22,3
39,1
42,4
84,0
55,4
104,3
73,2
67,3
8,5
41,4
37,0
90,4
19,0
56,3
90,3
94,2
71,1
99,1
46,3
92,5
24,1
17,5
39,5
40,1
32,0
77,4
26,1
27,3
41,4
40,4
37,2
88,2
73,0
25,4
12,0
16,4
2,1
68,4
90,2
75,2
78,2
6,4
99,5
75,4
36,4
32,4
22,2
48,2
25,5
74,5
12,4
60,3
94,2
88,5
74,4
25,4
29,0
28,4
90,5
53,3
40,5
59,3
39,1
67,4
99,1
82,4
18,2
31,0
67,4
15,4
34,5
33,3
79,2
63,4
74,2
96,1
94,5
99,2
64,3
91,0
97,5
84,2
93,3
91,1
23,2
76,4
20,3
26,2
97,1
42,5
81,2
39,3
71,2
44,4
28,4
40,0
23,2
7,3
31,2
36,5
45,2
10,2
30,0
21,3
89,3
101,1
17,5
76,3
95,3
67,1
102,5
13,2
37,5
58,2
64,2
54,2
4,4
50,4
61,2
86,2
95,0
39,2
36,4
37,3
41,1
107,2
34,4
53,0
19,0
97,3
92,5
86,2
98,2
43,4
26,2
8,2
47,1
52,1
31,5
67,4
24,0
84,5
96,1
81,4
91,5
84,2
91,4
19,3
57,0
28,2
75,1
8,1
63,0
48,2
66,3
56,1
13,5
19,1
45,1
45,3
83,1
77,3
77,4
60,4
42,0
13,5
8,3
37,5
19,2
20,3
24,1
30,2
70,5
54,3
87,5
95,5
9,1
99,3
98,4
71,0
91,2
39,2
90,2
40,2
73,0
35,2
99,4
38,1
7,4
93,3
52,4
34,5
12,2
78,2
36,4
81,4
52,4
100,1
32,2
49,5
34,4
15,1
12,5
30,4
65,4
75,4
62,3
104,2
30,5
83,4
42,0
58,2
47,2
71,0
99,1
95,4
76,4
102,0
33,1
67,3
48,3
94,5
45,0
71,1
31,4
100,4
41,2
85,5
91,1
38,4
12,2
99,2
77,4
92,1
71,3
31,1
93,1
46,4
77,4
105,2
69,1
63,1
89,4
79,1
101,2
6,4
30,5
45,5
21,4
30,3
43,3
3,3
60,2
51,4
50,2
56,3
67,3
18,5
105,1
103,0
12,3
48,2
74,0
88,3
36,1
60,5
56,5
77,2
88,2
56,3
19,5
76,1
50,0
84,1
38,3
7,3
100,3
43,0
102,1
8,4
70,0
5,0
6,5
64,2
66,1
105,4
95,1
102,4
35,4
30,0
91,3
58,3
27,1
60,5
13,1
7,2
89,3
15,1
80,3
2,4
91,3
76,3
39,3
3,3
64,3
79,5
21,5
38,2
16,1
27,1
31,5
13,3
46,2
15,1
70,0
93,4
70,1
15,5
74,1
68,4
0,0
25,0
94,3
99,2
104,5
7,2
80,2
20,4
48,3
96,5
74,3
80,1
24,5
93,1
80,3
21,4
49,2
90,4
96,4
97,1
69,3
52,1
99,3
11,4
31,1
20,3
34,4
12,2
28,4
56,2
51,2
39,1
29,0
17,0
48,4
66,3
23,1
70,1
50,2
104,4
77,1
48,1
101,4
19,1
73,1
101,4
34,0
44,4
23,1
81,0
92,1
82,2
58,1
12,3
17,4
64,1
96,2
79,3
19,2
13,3
66,3
23,2
77,1
42,1
85,5
63,1
71,3
19,4
50,5
45,4
41,5
30,3
74,4
76,0
39,1
83,3
100,2
43,4
69,0
88,2
91,1
36,2
25,3
55,4
63,3
78,3
102,3
73,0
12,1
54,2
99,3
21,1
73,3
72,4
36,4
55,5
21,4
42,1
67,4
49,3
103,1
24,4
64,4
83,1
44,1
68,0
94,3
35,0
66,2
34,0
59,1
92,3
102,3
50,5
74,3
86,4
94,1
32,2
98,5
89,4
55,4
92,4
54,4
60,0
50,4
73,3
105,0
30,0
32,5
13,1
93,3
71,0
75,1
64,5
39,4
49,3
36,4
96,2
106,2
64,3
43,4
68,0
36,2
39,4
66,4
31,1
103,5
58,1
70,1
30,4
73,4
43,1
56,2
16,3
79,0
37,5
6,4
5,0
88,0
34,2
100,3
14,3
19,3
34,1
45,4
33,4
81,2
92,2
13,3
19,3
102,1
63,1
78,4
52,2
30,2
75,3
62,2
61,1
35,3
61,1
73,5
29,2
82,1
45,0
71,3
5,5
27,1
92,0
12,5
95,1
98,1
89,2
66,1
79,5
77,5
47,1
14,1
42,2
80,3
7,1
56,1
77,1
49,2
30,1
33,4
40,2
100,5
49,2
7,2
69,2
37,0
23,2
99,4
21,5
8,2
65,1
72,2
68,2
16,4
12,4
58,2
31,2
13,3
49,1
20,2
6,3
26,4
12,3
28,2
55,3
92,3
44,0
41,5
8,3
63,3
60,5
55,1
28,1
43,3
86,5
27,1
76,2
79,5
14,1
11,3
78,3
35,1
64,3
90,4
54,3
50,1
75,0
39,1
17,2
17,5
100,2
1,3
38,5
23,4
54,3
90,3
45,3
97,5
69,3
71,1
67,0
74,1
70,1
17,0
11,1
21,3
43,2
99,2
59,4
77,5
16,2
24,1
44,3
35,5
10,4
83,0
43,4
71,5
64,2
10,1
19,3
26,5
22,3
88,2
33,3
19,3
50,2
11,2
26,2
10,5
93,2
79,4
103,4
22,3
22,2
72,3
60,4
96,0
58,4
40,4
92,4
71,4
4,2
33,2
70,5
13,1
19,1
52,2
80,3
85,1
58,3
85,4
57,2
39,1
49,1
73,5
65,2
37,2
35,3
52,1
54,4
9,3
89,1
43,1
96,5
19,0
86,1
23,3
42,4
77,5
14,4
29,4
60,0
63,2
96,4
35,1
37,2
79,0
91,1
61,0
28,3
57,3
26,1
92,3
64,1
66,0
25,3
89,3
105,5
9,3
59,4
29,5
93,5
23,1
95,2
51,1
46,5
92,2
87,3
61,1
48,1
15,2
50,2
98,1
89,2
94,3
6,4
63,4
37,2
38,0
85,3
66,5
46,0
33,4
87,3
82,4
82,0
32,1
42,1
18,4
34,0
13,2
62,1
27,4
31,1
90,4
70,4
74,4
30,3
34,4
17,1
59,1
60,1
72,2
86,0
16,3
79,3
98,0
2,0
43,1
62,2
36,3
35,1
40,0
13,0
65,3
24,2
14,3
55,3
68,3
40,4
16,4
32,2
66,5
84,3
50,1
82,3
65,5
54,0
62,1
14,1
28,1
78,3
66,1
68,5
41,1
5,1
44,4
74,2
76,4
93,4
98,5
81,0
14,2
83,2
82,2
69,0
103,1
100,4
59,4
87,2
63,4
92,2
103,0
53,2
106,0
85,5
27,3
96,4
47,1
67,4
13,1
84,1
90,4
31,3
7,3
63,4
72,2
94,2
7,3
98,2
50,4
58,1
90,2
84,5
96,2
78,2
89,1
40,1
100,3
46,1
91,4
56,1
6,2
87,3
59,1
35,2
94,4
13,3
53,3
98,2
71,0
57,2
37,4
59,1
98,5
64,0
70,1
74,3
61,4
27,4
19,1
66,2
10,3
39,3
101,2
56,2
12,1
50,0
85,1
61,4
37,3
81,1
67,3
38,3
44,1
41,1
30,3
26,3
97,5
91,2
17,1
40,2
106,3
98,3
88,1
10,5
65,2
18,4
71,0
51,2
94,2
40,4
10,1
64,4
73,2
34,4
71,5
56,1
27,4
21,4
20,3
33,2
64,5
39,3
71,5
73,3
54,3
83,4
60,1
80,1
39,2
12,3
37,0
27,5
19,2
84,1
95,3
69,4
62,4
90,0
34,2
23,3
84,3
44,1
107,1
59,5
72,1
66,4
94,5
48,4
104,1
46,1
65,3
76,0
32,2
59,1
62,4
56,2
82,0
61,4
67,4
40,4
93,2
27,4
92,0
43,4
13,4
60,4
94,4
33,0
30,1
45,1
12,1
11,1
71,3
68,3
8,1
26,5
70,1
83,2
74,3
107,3
94,4
52,3
1,3
8,0
104,1
96,2
31,5
55,0
69,4
78,0
85,5
29,2
85,2
103,4
92,1
48,3
10,2
25,1
63,5
41,1
10,1
84,4
20,1
61,4
40,0
28,4
17,0
18,3
100,1
54,3
102,0
53,4
88,2
24,1
44,5
75,4
61,3
18,4
15,1
67,3
15,4
27,1
46,1
80,4
4,1
48,1
7,3
38,4
86,0
12,4
100,2
10,3
21,1
65,1
48,1
73,3
73,1
28,2
96,1
15,4
69,2
10,2
65,4
48,1
100,3
42,2
27,2
20,3
33,0
71,4
39,2
80,1
71,3
68,1
66,4
28,1
10,1
83,4
96,5
39,5
98,1
78,5
2,5
24,4
69,5
53,3
17,1
79,3
61,1
19,2
48,4
25,3
66,3
73,2
71,0
74,3
25,3
75,2
74,1
80,1
92,3
74,3
44,1
55,2
25,2
81,3
75,0
33,4
45,0
89,4
81,5
87,2
20,1
42,4
40,1
14,4
60,3
6,2
66,4
63,1
9,2
35,4
14,3
94,1
73,2
13,4
7,2
80,2
25,1
59,4
82,2
87,4
15,4
15,2
65,0
71,2
96,3
12,0
95,1
52,0
58,0
76,2
5,5
76,4
27,1
39,1
34,1
89,1
22,1
56,4
17,0
73,1
42,1
37,1
88,5
45,1
24,5
68,4
49,0
55,4
94,1
29,2
51,5
7,0
67,0
54,5
37,1
12,3
77,2
60,0
27,0
70,4
16,4
48,4
30,1
49,0
42,4
48,2
41,3
40,2
43,2
57,3
5,1
18,1
22,2
59,4
55,2
6,3
37,4
36,0
28,3
13,3
49,5
36,0
91,4
85,2
73,1
15,4
40,1
18,5
74,1
97,1
55,3
86,1
44,1
29,3
87,1
68,2
28,0
52,1
36,2
73,3
91,0
35,2
50,2
79,3
35,2
13,0
87,1
45,2
52,2
70,4
18,1
18,5
45,0
20,2
6,4
107,4
5,2
67,5
4,4
42,4
33,4
85,3
100,3
74,4
14,0
49,4
6,2
73,5
24,1
96,3
61,4
60,1
7,4
16,4
71,0
82,3
58,4
30,0
73,3
28,2
12,5
73,5
38,2
70,2
102,1
4,2
44,0
7,4
19,5
46,3
99,0
88,2
61,5
35,4
85,2
97,2
9,1
81,1
48,1
47,0
105,3
33,4
35,3
21,1
98,0
105,1
67,2
62,3
107,1
73,4
15,1
19,1
81,2
67,3
36,4
107,2
89,1
68,4
78,5
30,5
5,4
34,2
87,2
90,3
77,3
87,4
40,2
76,1
86,2
90,4
85,3
98,4
58,3
12,3
67,3
27,4
74,2
49,5
51,2
22,4
65,3
60,0
82,3
83,1
104,1
102,0
8,3
48,4
25,2
56,0
35,4
87,1
99,2
29,4
15,3
18,2
79,2
13,2
86,3
69,5
7,0
14,3
15,4
19,5
10,3
54,2
38,3
47,2
96,5
26,3
20,2
74,3
49,2
28,4
83,3
37,1
67,3
34,2
53,4
17,4
54,3
73,0
52,3
34,0
26,1
39,3
56,0
50,3
24,3
36,1
82,3
50,2
47,3
3,1
14,4
25,5
71,4
29,1
73,4
93,3
87,0
68,0
62,0
64,2
27,2
33,2
25,3
66,3
29,0
77,4
19,1
60,1
62,1
26,3
59,5
8,3
19,1
44,0
105,4
78,0
14,2
70,3
19,3
96,2
14,1
88,1
13,4
66,2
40,2
80,1
84,3
79,4
90,3
54,2
106,0
56,4
34,4
4,3
13,3
36,1
26,3
46,2
104,1
20,4
99,1
53,3
81,0
68,1
58,1
66,4
91,2
96,4
57,4
100,3
49,1
20,4
14,1
59,1
61,4
14,4
101,3
22,4
62,3
95,3
39,3
11,2
6,1
31,5
39,5
16,1
57,1
39,2
2,3
32,1
87,2
43,5
97,4
96,3
96,4
95,4
81,2
99,2
95,3
41,4
37,2
47,5
101,4
14,0
53,1
40,0
81,5
97,1
10,5
66,3
30,4
82,5
90,4
11,2
45,4
93,3
68,4
17,2
21,1
29,3
85,1
56,2
12,1
52,3
5,1
35,2
100,2
94,4
49,4
2,3
35,2
81,4
92,0
33,1
103,4
24,1
92,0
95,3
87,4
42,4
33,1
33,4
19,4
55,0
62,3
92,2
71,3
73,2
74,1
51,0
85,5
30,4
10,3
35,1
35,2
85,5
70,2
59,3
84,2
83,2
21,4
77,4
20,3
41,4
61,5
89,0
48,4
72,2
107,4
102,4
73,5
36,0
96,1
66,3
51,4
63,1
45,2
56,1
97,3
16,3
76,2
99,4
41,1
52,3
22,1
103,4
40,1
95,4
72,5
49,1
24,4
11,1
34,2
11,2
4,4
62,4
71,3
82,4
6,4
32,3
36,4
103,1
52,4
52,2
11,2
14,3
5,1
47,3
71,5
44,1
12,3
63,2
32,1
60,4
13,2
72,0
82,3
94,3
7,4
17,1
102,4
12,3
94,4
22,0
19,4
37,5
11,2
100,4
85,1
10,2
77,3
77,1
58,3
22,1
99,2
38,3
29,2
17,2
52,3
23,0
63,2
94,0
88,5
9,1
13,0
38,3
44,2
8,2
42,3
55,4
69,3
39,3
76,3
67,2
65,3
53,3
65,4
36,2
93,2
101,2
92,5
46,1
18,4
77,4
82,4
85,2
32,2
71,3
45,2
13,2
41,0
61,2
99,0
39,1
103,2
83,3
84,1
34,4
84,3
16,4
77,3
78,1
68,4
107,4
51,1
33,0
33,3
33,1
18,4
102,0
74,1
57,4
75,4
51,1
19,4
95,1
32,1
32,2
62,1
58,4
19,2
33,1
65,2
24,4
27,3
6,4
18,0
38,1
82,0
74,2
12,0
76,1
71,2
87,2
96,1
92,2
58,0
77,3
60,2
82,1
93,3
33,1
33,2
72,3
67,0
31,2
53,3
93,4
62,3
69,0
17,4
93,4
46,4
36,3
48,5
23,1
72,3
89,1
103,3
12,2
51,3
59,4
44,4
64,3
54,4
16,1
53,4
51,2
58,1
75,1
94,2
99,1
98,3
56,1
88,1
84,2
97,2
48,5
94,4
46,4
63,0
15,5
96,4
96,1
86,1
57,4
103,2
14,2
26,2
8,5
62,0
98,0
47,3
32,5
96,5
42,2
96,1
18,2
20,4
85,3
100,0
43,2
67,3
76,1
77,1
20,2
56,2
94,4
7,0
1,4
83,4
30,1
34,3
47,1
45,4
98,5
82,2
21,2
75,2
21,3
35,5
56,5
49,0
87,2
55,2
90,4
44,3
7,1
30,0
97,4
98,1
91,3
86,4
28,2
61,0
32,2
25,2
31,5
72,5
18,2
45,2
73,1
87,4
14,1
73,3
89,2
62,3
76,5
88,2
91,5
52,0
5,4
7,1
9,4
35,1
22,0
86,4
22,4
21,2
42,2
49,5
31,2
73,4
97,1
26,2
46,2
47,4
101,2
57,1
77,5
64,3
43,4
80,1
55,2
53,1
37,1
59,5
16,0
44,0
34,4
76,5
61,3
74,1
97,4
100,2
8,2
63,1
90,4
25,2
79,5
96,5
77,1
57,2
33,3
24,1
69,2
77,3
71,1
94,1
48,2
55,3
36,3
81,1
63,1
68,3
20,2
31,4
72,0
78,4
81,1
34,2
44,1
24,4
29,3
28,2
20,1
98,0
67,5
2,5
51,1
36,1
58,0
83,1
54,1
24,2
90,4
78,1
29,4
24,3
62,3
78,3
19,4
71,2
71,1
49,1
75,3
15,1
24,3
24,5
35,3
102,2
18,2
27,5
28,1
57,5
14,4
21,1
102,3
96,1
68,0
70,2
85,2
17,0
6,2
102,4
99,5
85,2
5,2
55,1
23,5
66,5
14,2
94,3
82,1
40,1
61,4
103,3
81,5
9,3
98,5
85,4
19,1
45,4
75,4
30,4
31,2
108,3
74,5
74,4
60,4
75,4
60,1
10,2
11,4
15,4
102,5
98,4
30,2
54,4
45,1
82,4
41,2
51,1
103,2
28,4
76,1
77,0
10,0
21,3
8,4
34,5
72,2
42,4
12,2
71,4
61,4
61,3
71,3
71,5
76,2
60,2
53,1
88,2
83,1
16,2
72,4
93,2
31,5
14,4
89,3
15,2
65,1
94,2
34,3
28,1
103,3
25,4
71,2
27,3
64,5
40,1
2,3
79,4
85,1
69,4
46,5
32,4
55,2
78,0
37,5
98,4
9,4
79,5
27,3
33,3
66,5
90,2
22,0
73,1
15,2
52,2
15,3
24,3
27,0
91,1
9,0
47,5
65,2
84,5
33,4
102,4
33,4
21,3
100,2
76,3
100,4
66,4
104,3
59,4
14,5
95,1
50,4
26,3
78,5
10,3
81,3
57,2
104,5
64,0
43,0
102,4
47,3
80,5
26,4
46,3
42,4
41,3
35,5
56,0
96,5
64,2
36,0
51,1
24,2
61,3
14,3
56,4
65,0
60,3
55,3
13,0
87,4
65,4
49,2
22,2
18,4
34,1
40,3
100,4
40,3
43,3
93,1
106,2
37,1
30,3
14,0
91,3
47,0
26,4
14,1
43,4
48,2
27,3
56,3
54,0
96,4
102,3
35,2
40,2
52,0
93,2
16,4
19,1
30,5
34,4
5,4
9,1
85,2
28,1
88,3
69,5
31,2
65,0
17,3
59,4
73,2
32,4
76,2
50,0
40,5
70,2
15,4
36,2
5,0
76,3
36,5
69,4
16,3
72,4
89,0
27,3
35,3
48,1
55,2
51,4
102,5
60,0
99,3
12,3
51,3
6,4
83,4
34,2
16,3
97,4
74,0
30,5
95,2
68,1
37,3
51,3
41,3
102,1
100,4
93,0
62,1
84,4
102,4
47,3
68,3
69,1
31,1
42,1
38,4
49,0
8,2
65,1
8,4
19,2
9,2
94,4
68,0
36,5
31,2
87,4
13,2
50,5
58,3
57,2
12,1
79,1
27,2
42,0
34,3
21,1
43,4
43,3
14,4
14,2
41,2
73,3
39,2
78,5
35,1
80,4
94,4
58,4
64,3
70,1
88,3
61,0
35,4
38,2
90,4
41,2
46,5
40,2
85,4
38,0
93,5
11,3
6,1
36,4
14,4
15,3
73,4
21,5
92,1
84,4
72,3
42,5
40,3
34,1
64,5
48,5
65,3
73,3
62,3
32,3
85,4
78,1
17,2
23,2
62,3
21,1
42,5
57,1
75,5
55,5
51,4
64,2
95,0
49,2
49,4
80,4
103,0
22,1
44,4
106,4
49,1
70,2
57,0
103,4
103,3
57,4
57,2
100,0
92,3
0,1
31,1
67,1
84,4
70,0
42,1
48,1
56,4
15,3
49,4
42,5
36,4
89,4
98,3
82,5
18,3
33,2
14,0
49,1
28,5
77,3
64,1
77,4
91,2
50,1
25,3
71,2
58,5
25,0
19,2
35,1
88,2
71,4
65,5
76,3
60,4
21,3
92,1
13,4
4,3
92,2
62,5
1,3
20,2
44,3
91,3
26,3
9,2
32,2
102,2
67,4
85,4
71,3
28,3
54,5
24,3
87,0
15,3
27,0
84,1
63,0
46,3
29,2
16,0
8,1
97,0
23,3
82,5
95,1
55,3
93,1
62,5
18,3
95,3
43,5
81,2
16,4
18,4
14,1
103,1
49,4
99,2
61,0
48,1
24,0
20,2
18,4
49,5
23,0
40,4
72,3
36,4
35,3
73,1
92,4
94,1
49,1
40,1
46,2
84,2
41,2
53,1
9,2
6,4
42,3
97,2
97,2
58,4
60,2
11,2
49,3
33,3
94,4
49,3
55,3
46,1
82,5
83,2
60,4
94,1
84,4
97,4
16,4
86,1
99,2
81,4
77,2
70,3
73,1
57,4
105,0
25,1
20,0
40,2
11,0
25,1
34,2
62,4
32,5
82,2
50,1
45,1
54,0
14,2
32,1
29,0
8,2
56,2
25,5
13,2
33,3
94,2
93,4
100,4
80,2
55,0
49,4
34,2
72,4
24,1
37,3
49,2
81,2
100,4
103,5
47,1
3,5
74,3
71,2
67,1
51,5
87,1
17,1
89,4
10,4
87,4
60,1
56,3
61,2
81,1
45,5
64,5
21,3
45,2
102,1
27,0
59,1
42,3
29,2
99,2
99,0
67,0
17,4
95,4
31,2
68,3
25,0
37,0
81,4
54,2
65,4
64,3
82,4
27,4
84,5
45,4
42,4
36,1
20,3
34,0
101,0
48,1
99,5
51,2
86,3
49,3
85,1
44,1
36,0
66,3
44,4
99,3
59,4
42,2
36,2
92,2
20,1
61,2
26,3
83,3
85,4
100,3
59,2
31,4
93,4
9,5
87,4
9,1
15,5
34,5
3,3
14,1
35,0
85,3
35,2
64,3
32,0
15,0
59,3
62,5
49,2
80,0
25,3
93,4
83,3
77,5
34,4
83,0
91,3
50,4
7,4
63,1
22,2
15,4
74,5
13,3
67,5
8,1
61,1
69,1
60,2
72,5
94,5
14,0
14,0
61,1
21,2
18,5
16,0
63,2
12,0
66,0
15,0
35,1
3,3
104,1
64,1
4,4
46,4
18,5
48,3
19,3
56,4
60,4
12,1
18,4
30,0
29,1
34,5
72,3
104,1
7,0
53,0
14,3
11,3
36,5
96,1
82,2
50,2
49,3
14,2
31,3
36,0
17,4
8,1
8,4
90,3
77,0
57,2
9,4
43,5
8,2
66,1
44,2
84,2
57,3
97,1
33,3
39,4
69,4
13,5
84,0
21,3
31,1
81,4
68,0
56,3
5,3
52,0
70,4
91,0
38,4
102,5
97,0
61,3
47,2
40,3
80,4
70,2
65,0
70,2
48,2
14,3
80,3
39,4
18,5
73,0
46,2
41,1
71,4
12,1
90,2
94,2
68,1
103,5
83,5
37,1
68,1
87,1
28,4
32,2
9,4
95,1
14,2
35,1
65,0
69,0
10,1
2,2
76,5
14,5
69,2
36,3
37,1
32,1
29,4
92,1
69,4
31,1
94,2
60,1
69,1
100,4
43,2
14,5
99,3
47,1
30,1
101,2
49,3
33,4
66,5
42,4
39,2
22,4
86,1
98,2
15,3
17,4
32,1
51,4
29,4
44,1
11,3
53,3
9,3
30,3
64,3
60,0
47,0
58,2
11,2
89,5
89,4
17,4
67,5
89,1
41,5
43,1
93,2
80,2
24,1
45,0
17,3
46,4
18,4
53,2
25,2
59,2
43,1
17,2
77,1
76,1
32,1
67,4
56,1
86,3
104,3
37,1
62,4
34,1
53,5
41,1
34,1
40,2
1,3
23,0
60,4
104,4
88,2
36,1
21,0
74,0
13,3
55,4
23,4
32,4
35,2
40,2
25,4
90,2
77,0
90,2
25,4
60,4
85,4
16,2
92,0
51,0
47,1
27,5
18,3
73,3
91,1
86,3
93,0
25,5
79,5
23,2
30,1
59,4
8,1
63,2
63,3
53,3
41,2
33,3
93,3
91,3
97,2
78,4
58,1
50,2
39,0
53,4
85,1
30,4
71,1
27,1
83,3
44,1
54,1
81,5
86,0
34,4
19,0
68,2
15,4
73,1
101,3
45,3
67,4
37,4
79,4
52,3
98,3
76,1
106,2
62,2
102,4
60,3
27,2
9,3
77,0
53,1
40,2
81,1
48,2
81,2
45,1
51,1
29,4
89,2
101,5
7,5
87,4
56,4
60,4
49,2
3,3
58,5
82,2
33,0
97,2
37,1
12,3
60,3
33,0
42,1
50,2
78,2
21,0
5,5
99,3
44,5
97,4
38,1
83,0
43,3
39,4
102,1
62,1
78,3
24,4
73,0
95,0
20,1
51,4
70,3
52,5
25,5
30,0
83,5
77,0
60,2
59,1
69,2
107,1
89,2
69,3
34,1
43,4
9,3
10,4
98,4
101,2
52,4
87,3
35,5
74,2
85,4
82,5
83,5
92,5
46,3
39,2
57,4
15,3
32,2
72,1
87,5
30,1
42,2
73,4
46,1
20,4
13,2
91,2
27,1
2,3
60,3
33,1
99,3
25,3
51,2
53,3
65,0
23,3
70,3
55,3
17,4
45,2
73,4
30,3
49,2
54,2
9,4
88,3
81,5
90,3
24,4
62,3
77,3
86,1
4,4
98,2
90,5
78,3
99,5
21,4
68,5
16,5
64,5
100,4
18,3
59,3
57,2
78,1
77,4
48,4
38,5
7,1
57,3
64,1
65,3
33,2
15,1
93,1
86,5
40,5
33,2
47,4
79,2
85,3
21,2
73,4
64,5
62,3
8,1
80,1
63,4
90,3
97,2
31,2
106,0
22,5
11,2
43,5
71,2
56,3
80,1
84,4
7,0
35,4
44,1
58,1
21,3
60,4
17,3
31,0
78,4
96,3
107,2
53,1
98,0
105,5
49,3
73,1
61,2
78,1
83,1
33,2
11,4
23,1
40,3
92,4
8,3
49,2
85,1
34,5
88,5
8,1
6,3
35,3
25,1
29,2
79,2
106,3
1,3
29,4
50,2
100,1
85,5
6,0
24,1
9,2
93,4
16,4
56,3
54,2
87,1
48,2
93,3
48,4
23,4
36,3
79,1
93,1
66,0
56,3
32,4
11,4
26,3
84,3
28,2
83,1
14,3
26,5
50,2
59,3
56,2
90,3
14,4
34,1
72,4
38,3
40,2
47,4
99,2
81,5
67,3
8,4
88,2
51,0
85,3
34,2
94,3
92,5
57,4
19,3
94,5
49,1
49,4
30,4
55,3
28,4
48,3
94,4
5,4
42,2
83,1
73,5
78,4
42,1
18,1
14,3
95,2
58,1
30,1
82,4
70,2
95,2
94,4
106,0
24,2
104,2
52,5
44,5
92,4
95,2
20,1
25,2
18,3
103,2
67,4
103,3
99,0
57,1
100,3
74,3
52,3
22,0
5,0
102,2
4,2
48,2
10,2
61,3
24,4
89,4
57,2
23,4
59,1
71,5
14,4
60,2
5,4
36,4
42,3
52,2
39,5
20,0
73,3
39,3
69,1
14,4
66,0
67,1
74,2
74,3
20,3
92,4
75,1
8,1
75,0
46,2
76,2
42,4
65,2
45,1
81,2
101,3
4,3
19,3
34,4
54,5
46,2
77,5
84,2
43,4
50,2
44,2
39,0
57,2
88,1
21,4
60,3
45,2
97,0
72,2
49,0
49,4
22,2
67,1
52,1
36,4
107,3
65,4
10,4
106,1
63,5
93,4
33,3
47,2
6,4
16,3
29,2
95,5
22,0
14,1
102,4
37,3
41,4
99,2
82,3
29,3
24,5
46,4
20,3
37,2
93,3
37,0
26,1
62,3
52,3
5,3
89,4
86,3
96,2
68,5
61,2
21,5
62,2
66,2
31,3
5,4
88,2
102,4
70,0
9,4
33,1
17,2
0,4
80,4
42,3
33,3
68,5
97,0
47,2
67,5
90,4
3,4
77,1
38,4
38,4
76,4
85,3
70,0
60,4
38,5
10,5
84,2
99,2
57,4
34,3
44,3
8,3
62,0
78,2
5,2
71,4
26,4
12,4
67,3
75,3
64,1
30,3
97,0
83,1
64,1
60,3
59,1
67,1
32,3
39,2
73,4
103,1
36,1
6,5
101,3
44,5
101,2
71,3
28,2
9,5
67,2
101,3
103,4
63,3
69,2
21,1
59,2
75,4
12,0
83,5
44,2
29,0
14,0
62,0
100,2
99,3
106,2
93,3
48,0
38,0
96,1
47,5
63,3
54,4
86,4
90,4
46,3
42,1
64,4
5,2
49,4
6,0
100,1
29,4
9,5
82,1
76,2
44,2
23,0
49,1
41,2
24,4
68,4
80,1
15,1
58,4
63,5
78,4
92,4
63,4
63,1
28,1
19,3
97,1
48,3
39,3
99,2
44,0
35,1
45,2
81,3
88,4
40,0
75,5
98,5
38,3
19,1
69,0
23,3
102,0
103,3
83,4
105,0
79,3
63,4
97,0
55,3
89,1
60,2
62,0
69,4
94,4
67,5
69,2
79,3
60,3
23,3
46,1
98,4
21,1
32,1
67,0
7,0
9,2
21,2
71,4
49,4
52,5
63,2
23,2
100,5
50,1
67,0
69,2
60,4
12,3
83,3
72,2
74,1
87,1
20,5
72,4
60,2
95,2
28,1
55,2
78,4
84,5
55,1
68,2
64,4
58,4
102,2
57,4
48,2
57,1
99,5
30,1
68,0
76,2
23,1
5,1
57,1
50,2
82,2
47,5
5,3
28,4
81,0
7,1
42,3
34,4
32,1
80,0
51,1
18,3
73,3
62,4
63,1
90,0
25,1
20,3
26,3
5,5
88,3
42,3
60,3
63,0
44,2
8,3
77,3
80,3
95,4
19,5
15,3
104,3
77,1
65,2
40,1
34,5
15,3
102,3
5,1
20,0
47,0
103,3
3,5
38,3
81,5
16,3
66,2
61,2
95,0
40,2
88,3
30,3
38,4
27,1
107,2
8,1
39,0
37,4
75,2
64,2
97,1
15,2
79,2
24,3
44,3
91,5
19,4
69,1
56,3
32,4
19,3
96,1
64,4
41,5
57,2
21,4
45,3
100,5
77,0
48,3
79,4
8,2
102,5
65,1
77,1
68,0
65,5
39,3
95,3
52,2
46,4
61,0
101,5
26,3
24,4
82,3
67,3
98,1
60,3
23,3
98,3
92,5
54,1
66,0
78,0
10,2
97,3
52,1
16,4
0,5
47,3
31,3
90,2
101,4
35,4
82,2
38,2
74,5
10,2
24,1
100,3
20,5
92,5
52,0
12,4
42,3
82,2
57,3
73,0
88,2
28,2
39,1
14,0
22,4
15,2
77,2
14,2
26,4
21,2
39,0
36,0
50,0
93,4
19,5
32,4
92,2
77,1
31,1
50,3
44,2
25,3
21,3
27,1
60,5
50,3
82,1
32,0
83,3
72,2
75,3
13,4
76,2
82,4
87,4
68,5
28,3
60,1
65,1
58,2
82,1
105,0
77,1
47,3
38,3
56,2
8,1
81,0
17,0
84,5
99,1
19,0
70,5
79,4
13,4
55,4
98,2
5,2
75,3
41,2
15,4
60,3
5,3
44,4
29,1
103,4
63,1
90,1
71,3
106,1
48,2
7,4
31,5
90,3
16,5
24,2
41,4
95,3
75,4
77,3
92,3
94,1
59,4
50,3
75,2
43,1
11,2
20,1
2,0
100,2
56,1
50,1
84,5
89,2
31,3
90,1
74,1
72,3
31,5
38,4
9,3
23,1
70,1
16,1
37,0
24,4
94,3
31,2
93,1
23,0
84,1
47,1
50,0
13,3
60,4
43,1
69,1
100,2
22,3
62,0
32,2
55,5
81,1
10,3
35,5
15,4
28,4
50,1
8,1
81,3
84,3
34,3
90,0
27,2
66,3
80,3
16,5
16,2
98,5
53,4
15,2
56,2
58,3
9,0
41,3
48,4
35,2
42,3
103,3
43,0
17,2
47,4
26,3
58,0
40,4
9,0
54,1
62,4
49,4
30,2
72,2
92,3
29,2
50,2
26,3
37,1
54,1
3,3
71,1
57,5
13,4
98,4
37,4
17,1
32,1
97,2
90,4
23,2
8,5
53,0
103,1
46,1
21,2
72,5
94,5
58,3
36,2
81,1
85,5
36,3
27,4
82,1
78,0
17,5
40,1
9,4
46,1
98,0
53,2
95,4
44,4
9,4
55,3
50,1
90,1
62,4
14,4
84,4
43,2
41,4
7,3
42,0
77,2
62,4
36,2
69,3
53,5
68,4
71,3
35,2
38,4
21,1
5,4
31,1
28,1
80,1
100,4
49,3
45,5
99,2
20,0
64,3
64,5
27,5
41,4
39,2
21,2
84,1
40,1
14,1
90,1
11,2
92,1
89,2
20,4
20,1
32,2
63,1
22,4
88,0
19,4
97,1
92,1
98,5
17,3
41,3
102,4
22,4
85,5
95,4
93,2
98,3
34,1
98,3
100,1
3,1
19,3
94,1
35,1
66,0
74,1
88,2
27,3
90,5
67,4
69,1
102,4
90,5
28,4
79,1
94,1
36,5
43,0
67,4
35,0
40,2
89,1
73,2
50,1
16,4
22,4
41,4
22,2
90,4
59,1
46,5
89,2
66,1
55,0
16,1
101,1
89,5
21,3
93,3
57,2
97,5
42,5
52,1
103,2
25,4
17,5
13,1
38,2
21,0
34,1
93,0
76,4
27,2
61,3
37,4
54,0
11,1
58,1
45,2
105,5
95,3
100,3
3,4
38,2
104,1
95,4
22,4
17,1
40,3
93,2
9,3
5,4
95,4
34,1
95,3
50,5
100,1
88,2
77,0
56,5
106,2
29,2
44,1
12,1
103,1
11,5
43,5
93,0
7,1
82,1
13,1
56,3
53,1
27,3
28,2
88,1
97,2
12,4
21,1
31,1
99,1
13,3
92,4
62,4
74,4
37,0
37,3
28,1
106,4
49,1
65,1
78,1
18,4
81,2
20,5
24,1
103,2
16,2
60,4
73,3
47,4
97,4
38,2
89,3
88,3
19,0
48,2
48,1
49,2
19,2
34,4
73,1
76,4
66,1
52,4
81,4
52,3
93,1
101,2
46,0
38,5
52,3
99,0
65,1
58,2
78,0
29,3
15,1
31,2
78,2
27,1
17,2
2,2
13,1
24,0
30,2
26,0
76,4
42,5
85,4
37,3
53,2
72,2
78,3
92,1
92,2
95,0
96,3
96,3
32,3
42,5
2,0
28,5
47,1
30,1
49,3
104,2
53,5
79,3
28,2
19,3
28,4
7,1
32,3
72,5
43,3
59,0
106,1
89,1
50,2
104,4
74,2
46,0
71,1
56,3
61,1
43,1
71,1
26,3
23,1
13,3
8,3
97,1
17,0
36,2
96,5
7,3
100,1
26,5
91,3
62,4
36,3
98,3
57,3
100,3
34,2
97,3
17,3
20,4
39,0
28,3
79,0
11,1
58,3
80,2
76,4
22,3
101,2
105,2
3,3
18,1
91,0
65,4
89,1
11,1
92,3
86,3
10,2
57,4
30,3
94,3
59,3
2,1
7,1
14,2
32,4
85,4
93,2
79,3
64,0
100,2
40,2
81,1
68,2
84,3
65,3
7,2
20,1
79,0
67,4
20,3
39,2
85,1
25,1
105,1
75,2
12,5
32,3
40,2
56,1
57,1
57,1
7,1
73,1
90,1
54,3
77,0
27,4
68,5
59,3
87,4
31,5
20,3
86,0
45,2
62,0
40,1
23,0
17,0
70,3
81,5
97,1
65,1
59,5
20,4
64,3
77,2
2,1
80,1
48,3
76,5
13,1
53,3
11,3
87,0
75,2
13,2
85,3
48,2
95,3
4,4
8,5
85,0
63,1
20,3
60,2
95,3
97,1
105,1
86,4
42,5
100,1
33,1
98,5
94,1
71,5
17,1
90,4
30,2
23,2
6,1
52,2
32,2
96,3
28,1
93,2
70,2
102,0
76,4
74,4
65,2
57,2
18,2
18,2
60,1
68,4
59,1
79,4
47,3
29,1
58,4
40,1
47,2
76,4
41,5
95,1
44,4
47,4
99,3
76,5
7,2
91,2
31,1
46,2
13,4
22,3
91,1
19,1
43,5
29,2
15,1
83,3
63,2
86,2
16,3
61,1
26,5
91,3
66,1
69,4
80,5
13,3
72,0
71,3
28,5
55,3
87,4
21,2
6,2
83,1
21,4
12,4
87,5
41,1
55,1
66,5
49,4
35,0
74,1
44,3
78,2
73,5
19,3
47,1
3,5
56,2
95,2
34,4
37,2
80,5
61,4
43,2
99,0
13,3
49,1
47,0
57,2
98,2
11,2
38,5
87,4
28,3
13,2
7,4
63,3
95,5
38,4
103,1
66,1
66,2
94,4
91,4
102,5
12,2
60,3
19,4
30,2
51,0
25,3
101,4
65,3
60,5
12,3
68,3
87,2
10,2
46,1
92,1
14,0
52,2
17,0
102,1
21,1
68,0
10,3
65,4
36,4
81,5
64,4
51,2
56,4
93,3
32,2
59,2
12,4
36,2
37,2
46,4
103,3
24,1
25,0
61,5
65,4
23,0
9,0
19,3
77,0
41,2
41,5
9,2
94,3
36,1
29,1
98,3
102,4
74,4
12,1
26,2
64,2
62,2
63,3
100,3
94,3
18,4
55,4
51,2
93,4
71,1
74,0
26,4
49,2
71,2
57,4
13,1
49,3
15,4
54,2
97,1
28,5
62,4
46,4
91,1
43,3
71,0
90,1
32,5
75,4
50,1
25,4
57,4
58,5
87,3
92,4
50,2
71,0
29,4
28,4
68,5
12,2
98,5
48,0
45,2
6,2
104,1
18,4
2,3
49,1
72,1
35,4
89,4
104,4
63,2
64,2
73,0
54,4
51,4
58,3
89,0
25,3
95,5
50,4
22,4
29,4
92,4
89,2
63,2
104,2
87,4
39,0
17,2
102,5
72,1
13,2
92,1
21,1
92,1
7,2
48,3
13,0
15,3
94,4
90,3
81,4
57,4
83,4
81,4
98,4
12,4
40,2
5,0
56,0
66,2
27,1
11,2
39,2
46,2
88,2
28,1
35,2
51,4
22,1
56,1
80,1
106,5
0,4
19,3
99,3
40,5
19,3
20,1
91,1
18,1
43,1
39,0
71,5
42,5
79,1
89,1
91,5
77,3
89,2
65,5
50,3
99,4
84,2
23,1
35,4
37,2
13,1
23,4
8,1
43,3
74,4
37,1
48,4
19,4
55,1
5,4
67,4
27,3
8,4
77,3
76,3
26,4
64,1
12,3
7,1
19,4
101,1
51,4
7,2
36,1
33,2
11,2
56,2
86,0
42,1
32,1
24,3
81,4
94,3
42,4
27,2
100,5
66,4
60,5
96,2
14,4
36,4
94,4
101,4
78,5
31,4
11,4
13,4
31,3
4,3
12,1
64,0
28,4
6,3
98,4
14,5
43,1
69,3
27,3
77,3
99,5
67,1
33,0
24,1
51,3
57,2
97,4
46,0
51,3
22,1
33,2
56,4
40,3
52,1
51,3
55,0
80,1
11,3
34,1
65,4
35,3
17,1
84,0
55,5
69,1
80,2
63,1
57,3
68,4
69,4
40,3
54,3
73,5
19,2
81,2
15,4
69,5
39,5
61,3
43,2
27,2
54,3
98,1
24,5
16,1
39,3
3,1
94,3
41,3
19,2
46,1
96,3
64,2
53,2
11,2
30,3
38,4
72,1
8,0
56,1
94,1
5,3
86,2
14,0
41,3
93,2
38,0
61,1
62,3
11,4
38,2
61,3
22,3
96,3
92,3
67,2
46,3
86,2
62,4
73,3
43,3
18,3
61,2
93,5
51,5
87,4
36,1
54,3
16,1
44,0
31,0
21,0
31,4
88,4
15,4
19,1
36,2
62,0
88,2
10,1
64,1
69,5
85,5
0,1
38,3
51,0
69,3
7,2
77,0
35,5
40,3
77,3
3,0
66,2
90,1
12,3
33,3
7,3
46,3
55,3
81,1
20,4
61,0
46,4
23,2
54,2
9,3
67,3
51,4
87,4
13,2
12,1
89,2
61,3
74,0
63,0
20,2
78,1
58,3
57,5
59,1
32,4
62,2
46,2
59,4
101,3
88,4
9,1
83,2
90,1
95,3
94,3
22,3
59,3
12,3
25,1
76,4
53,2
55,2
72,2
43,4
75,4
44,3
104,4
28,3
52,1
49,3
57,2
8,2
85,1
76,4
30,5
80,2
95,0
61,5
35,3
54,4
26,3
43,1
101,2
54,1
49,3
81,3
51,4
35,3
88,0
27,0
33,2
99,1
41,3
71,0
101,3
32,0
74,2
86,3
54,0
69,2
4,2
60,1
88,1
70,1
61,1
14,4
87,4
47,5
86,2
10,3
3,2
56,4
26,5
55,1
8,1
12,1
2,3
74,5
29,1
24,4
52,2
96,1
65,0
99,3
81,2
43,5
45,5
9,4
40,4
14,4
23,3
106,2
95,2
19,4
17,2
44,3
84,4
7,4
18,0
77,2
85,2
22,1
81,4
52,4
100,3
27,1
29,5
41,2
50,2
47,5
30,2
37,4
63,4
51,3
80,3
10,1
32,0
100,4
70,4
43,1
58,3
85,1
9,4
78,3
37,0
84,3
13,0
35,3
92,3
34,3
48,2
45,2
4,3
20,1
22,5
93,2
75,2
15,4
80,4
8,5
33,4
47,3
79,1
48,0
